eligibility_base,row_label,eligibility_indian,eligibility_international,relaxation,remarks,equivalent_qualification
After 10th,diploma engg,"50% with English, Maths and Science","50% with  Maths, Science and ELR",5% to North East states and Sikkim candidates / Defence Personnel and their Dependents/Wards of Kashmiri Migrants,,In case any student has studied Physics instead of Science then also eligible
After 10th,diploma in business administration,50% with English,50% and  ELR,5% to North East states and Sikkim candidates / Defence Personnel and their Dependents/Wards of Kashmiri Migrants,,In case any student has studied Physics instead of Science then also eligible
After 10th,dip in architectural assistantship,"50% with  English, Maths and Science","50% with Maths, Science and  ELR",5% to North East states and Sikkim candidates / Defence Personnel and their Dependents/Wards of Kashmiri Migrants,,In case any student has studied Physics instead of Science then also eligible
After 10th,medical laboratory sciences,"50% with  English, Maths and Science","50% with Maths, Science and  ELR",5% to North East states and Sikkim candidates / Defence Personnel and their Dependents/Wards of Kashmiri Migrants,,In case any student has studied Physics instead of Science then also eligible
After 10th,diploma in medical lab technology dmlt,50% with English,50% and ELR,5% to North East states and Sikkim candidates / Defence Personnel and their Dependents/Wards of Kashmiri Migrants,,In case any student has studied Physics instead of Science then also eligible
After 10+2,b tech cse ece ee eee it including with international credit transfer option ece robotics and automation semiconductor and vlsi design artificial intelligence and automation cse data science with ml artificial intelligence and data science cloud computing and gen ai artificial intelligence and machine learning generative ai gen ai computer science and business systems robotics and artificial intelligence b tech cse ai and system design with global tech immersion,"60% in 10+2 with (English , Physics & Mathematics )+ LPUNEST/ JEE Main (From Phase II Onwards)/ CUET",50% in 10+2 with (Physics & Mathematics) and ELR,"- 5% to Defence Personnel and their Dependents*/Wards of Kashmiri Migrants.
 - 10% to North East states and Sikkim candidates

* Not applicable for Tie-up programmes",,
After 10+2,b tech chemical civil mechanical including with international credit transfer option mechanical mechatronics aerospace automobile artificial intelligence and machine learning civil b tech civil ai and ml,"60% in 10+2 with (English , Physics, Chemistry & Mathematics ) + LPUNEST/ JEE Main (From Phase II Onwards)/ CUET","50% in 10+2 with (Physics, Chemistry & Mathematics)and ELR","- 5% to Defence Personnel and their Dependents*/ Wards of Kashmiri Migrants.
- 10% to North East states and Sikkim candidates

* Not applicable for Tie-up programmes",,
After 10+2,b tech biotechnology food tech and biomedical including with international credit transfer option biotechnology genetics and artificial intelligence,"60% in 10+2 with (English , Physics, Chemistry & Maths/Biology/Biotech ) + LPUNEST/ JEE Main (From Phase II Onwards)/ CUET/NEET","50% in 10+2 with (Physics, Chemistry & Maths/Biology/Biotech)and ELR","5% to Defence Personnel and their Dependents*/ Wards of Kashmiri Migrants.
 - 10% to North East states and Sikkim candidates

* Not applicable for Tie-up programmes",,
After 10+2,b tech cse ai and data engineering,"60% in 10+2 with (English , Physics & Mathematics ) + LPUNEST/ JEE Main (From Phase II Onwards)/ CUET + Interview by Futurense Technologies",60% in 10+2 with (Physics & Mathematics) and ELR + Interview by Futurense Technologies,- 10% to North East states and Sikkim candidates,,
After 10+2,b tech cse ai and data analytics,"60% in 10+2 with (English , Physics & Mathematics ) + LPUNEST/ JEE Main (From Phase II Onwards)/ CUET + Interview by Quantiphi",60% in 10+2 with (Physics & Mathematics) and ELR + Interview by Quantiphi,- 10% to North East states and Sikkim candidates,,
After 10+2,b tech cse software product engineering,"60% in 10th and 10+2 with (English , Physics & Mathematics ) + KNET + Interview",60% in 10th and 10+2 with (Physics & Mathematics) and ELR + KNET + Interview,- 10% to North East states and Sikkim candidates,,
After 10+2,b tech hons cse data science and data engineering b tech hons cse cyber security and block chain,"60% in 10+2 with (English , Physics & Mathematics ) + LPUNEST/ JEE Main (From Phase II Onwards)/ CUET",60% in 10+2 with (Physics & Mathematics) and ELR,- 10% to North East states and Sikkim candidates,,
After 10+2,integrated b tech computer science and engineering mba,"60% in 10+2 with (English , Physics & Mathematics ) + LPUNEST/ JEE Main (From Phase II Onwards)/ CUET",50% in 10+2 with (Physics & Mathematics ) + ELR,"- 5% to Defence Personnel and their Dependents/ Wards of Kashmiri Migrants.
- 10% to North East states and Sikkim candidates",,
After 10+2,bca,50% with  English,50% and  ELR,5% to North East states and Sikkim candidates / Defence Personnel and their Dependents/ Wards of Kashmiri Migrants.,*The students from Hunar Sikhiya School (HSS) Senior Secondary (10+2) certification are also eligible for admission,
After 10+2,bca cyber security,60% with  English,50% and  ELR,"- 5% to Defence Personnel and their Dependents*/Wards of Kashmiri Migrants.
 - 10% to North East states and Sikkim candidates

* Not applicable for Tie-up programmes",*The students from Hunar Sikhiya School (HSS) Senior Secondary (10+2) certification are also eligible for admission,
After 10+2,bca data science in tie up with ibm,60% with  English,50%  and  ELR,"- 5% to Defence Personnel and their Dependents*/Wards of Kashmiri Migrants.
 - 10% to North East states and Sikkim candidates

* Not applicable for Tie-up programmes",*The students from Hunar Sikhiya School (HSS) Senior Secondary (10+2) certification are also eligible for admission,
After 10+2,bca artificial intelligence and machine learning,60% with  English,50%  and  ELR,"- 5% to Defence Personnel and their Dependents*/Wards of Kashmiri Migrants.
 - 10% to North East states and Sikkim candidates

* Not applicable for Tie-up programmes",*The students from Hunar Sikhiya School (HSS) Senior Secondary (10+2) certification are also eligible for admission,
After 10+2,bca artificial intelligence and data analytics,60% with  English,50%  and  ELR,"- 5% to Defence Personnel and their Dependents*/Wards of Kashmiri Migrants.
 - 10% to North East states and Sikkim candidates

* Not applicable for Tie-up programmes",*The students from Hunar Sikhiya School (HSS) Senior Secondary (10+2) certification are also eligible for admission,
After 10+2,bca ai and robotics,60% with  English,50%  and  ELR,"- 5% to Defence Personnel and their Dependents*/Wards of Kashmiri Migrants.
 - 10% to North East states and Sikkim candidates

* Not applicable for Tie-up programmes",*The students from Hunar Sikhiya School (HSS) Senior Secondary (10+2) certification are also eligible for admission,
After 10+2,b sc computer science cyber security,60% with  English,50%  and  ELR,"- 5% to Defence Personnel and their Dependents*/Wards of Kashmiri Migrants.
 - 10% to North East states and Sikkim candidates

* Not applicable for Tie-up programmes",*The students from Hunar Sikhiya School (HSS) Senior Secondary (10+2) certification are also eligible for admission,
After 10+2,bsc it including with international credit transfer option,50% with  English,50% and  ELR,5% to North East states and Sikkim candidates/ Defence Personnel and their Dependents/ Wards of Kashmiri Migrants.,*The students from Hunar Sikhiya School (HSS) Senior Secondary (10+2) certification are also eligible for admission,
After 10+2,b sc hons agriculture,"60%  in 10+2/Intermediate with English and 3 subject out of Physics/ Chemistry/ Maths/ Biology/ Agriculture + LPUNEST*/  JEE Main (From Phase II Onwards)/ CUET/NEET

*LPUNEST will be exempted if candidate scores 90% or more marks in the qualifying  exam.
 
Age Condition :- Minimum 16 Years (i.e. on or before 31st Dec. 2026)","50%  in 10+2/Intermediate with 3 subject out of Physics/ Chemistry/ Maths/ Biology/ Agriculture and ELR

Age Condition :- Minimum 16 Years (i.e. on or before 31st Dec. 2026)","- 5% to Defence Personnel and their Dependents/Wards of Kashmiri Migrants.
 - 10% to North East states and Sikkim candidates",Age Condition :- Minimum 16 Years (i.e. born on or before last date of admission ),
After 10+2,b sc hons hons with research food technology,"60% with  English, Physics,  Chemistry &  Maths / Biology/ Biotechnology/ Food Processing as vocational subject","50% with  Physics,  Chemistry &  Maths / Biology/ Biotechnology /Food Processing as vocational subject and ELR","-  5% to Defence Personnel and their Dependents/Wards of Kashmiri Migrants.
 -  10% to North East states and Sikkim candidates",Age Condition :- Minimum 16 Years (i.e. born on or before last date of admission ),
After 10+2,b sc food technology,"60% with  English, Physics,  Chemistry &  Maths / Biology/ Biotechnology/ Food Processing as vocational subject","50% with  Physics,  Chemistry &  Maths / Biology/ Biotechnology /Food Processing as vocational subject and ELR","-  5% to Defence Personnel and their Dependents/Wards of Kashmiri Migrants.
 -  10% to North East states and Sikkim candidates",Age Condition :- Minimum 16 Years (i.e. born on or before last date of admission ),
After 10+2,nutrition and dietetics,"60% with  English, Physics,  Chemistry &  Maths / Biology/ Biotechnology/ Food Processing as vocational subject","50% with  Physics,  Chemistry &  Maths / Biology/ Biotechnology /Food Processing as vocational subject and ELR","-  5% to Defence Personnel and their Dependents/Wards of Kashmiri Migrants.
 -  10% to North East states and Sikkim candidates",Age Condition :- Minimum 16 Years (i.e. born on or before last date of admission ),
After 10+2,bachelor of nutrition and dietetics honours,"60% with English, Physics, Chemistry & Biology

Age Condition:- Minimum 17 Years (i.e. on or before 31st Dec. 2026)","50% with  Physics, Chemistry and Biology + LPUIST + ELR 

Age Condition:- Minimum 17 Years (i.e. on or before 31st Dec. 2026)","-  5% to Defence Personnel and their Dependents/Wards of Kashmiri Migrants.
 -  10% to North East states and Sikkim candidates",Medical fitness certificate is mandatory to submit and it is to be endorsed by Government medical officer,
After 10+2,b sc hons hons with research biotechnology,"60% with English, Physics, Chemistry and  Maths/ Biology/ Biotechnology","50% with Physics ,Chemistry and Maths/  Biology/ Biotechnology  and  ELR","-  5% to Defence Personnel and their Dependents/Wards of Kashmiri Migrants.
 -  10% to North East states and Sikkim candidates",Medical fitness certificate is mandatory to submit and it is to be endorsed by Government medical officer,
After 10+2,b sc biotechnology,"60% with English, Physics, Chemistry and  Maths/ Biology/ Biotechnology","50% with Physics ,Chemistry and Maths/  Biology/ Biotechnology  and  ELR","-  5% to Defence Personnel and their Dependents/Wards of Kashmiri Migrants.
 -  10% to North East states and Sikkim candidates",Medical fitness certificate is mandatory to submit and it is to be endorsed by Government medical officer,
After 10+2,b sc hons hons with research microbiology,"60% with English, Physics, Chemistry and Maths/ Biology/ Biotechnology","50% with Physics ,Chemistry and  Maths / Biology/ Biotechnology and ELR","-  5% to Defence Personnel and their Dependents/Wards of Kashmiri Migrants.
 -  10% to North East states and Sikkim candidates",Medical fitness certificate is mandatory to submit and it is to be endorsed by Government medical officer,3 years diploma in MLT after 10th
After 10+2,b sc microbiology,"60% with English, Physics, Chemistry and Maths/ Biology/ Biotechnology","50% with Physics ,Chemistry and  Maths / Biology/ Biotechnology and ELR","-  5% to Defence Personnel and their Dependents/Wards of Kashmiri Migrants.
 -  10% to North East states and Sikkim candidates",Medical fitness certificate is mandatory to submit and it is to be endorsed by Government medical officer,3 years diploma in MLT after 10th
After 10+2,forensic science,"60% with English, Physics, Chemistry and Maths/ Biology/ Biotechnology","50% with Physics ,Chemistry and  Maths / Biology/ Biotechnology and ELR","-  5% to Defence Personnel and their Dependents/Wards of Kashmiri Migrants.
 -  10% to North East states and Sikkim candidates",Medical fitness certificate is mandatory to submit and it is to be endorsed by Government medical officer,3 years diploma in MLT after 10th
After 10+2,b sc hons hons with research forensic sciences,"60% with English, Physics, Chemistry and  Maths/ Biology/ Biotechnology","50% with Physics ,Chemistry  and  Maths/ Biology/ Biotechnology  and  ELR","-  5% to Defence Personnel and their Dependents/Wards of Kashmiri Migrants.
 -  10% to North East states and Sikkim candidates",Medical fitness certificate is mandatory to submit and it is to be endorsed by Government medical officer,3 years diploma in MLT after 10th
After 10+2,b sc forensic science,"60% with English, Physics, Chemistry and  Maths/ Biology/ Biotechnology","50% with Physics ,Chemistry  and  Maths/ Biology/ Biotechnology  and  ELR","-  5% to Defence Personnel and their Dependents/Wards of Kashmiri Migrants.
 -  10% to North East states and Sikkim candidates",Medical fitness certificate is mandatory to submit and it is to be endorsed by Government medical officer,3 years diploma in MLT after 10th
After 10+2,b sc hons hons with research zoology,"60% with English, Physics, Chemistry and  Biology/ Biotechnology","50% with  Physics, Chemistry and Biology/ Biotechnology and  ELR","-  5% to Defence Personnel and their Dependents/Wards of Kashmiri Migrants.
 -  10% to North East states and Sikkim candidates",Medical fitness certificate is mandatory to submit and it is to be endorsed by Government medical officer,3 years diploma in MLT after 10th
After 10+2,b sc zoology,"60% with English, Physics, Chemistry and  Biology/ Biotechnology","50% with  Physics, Chemistry and Biology/ Biotechnology and  ELR","-  5% to Defence Personnel and their Dependents/Wards of Kashmiri Migrants.
 -  10% to North East states and Sikkim candidates",Medical fitness certificate is mandatory to submit and it is to be endorsed by Government medical officer,3 years diploma in MLT after 10th
After 10+2,b sc hons hons with research physics,"60% with English, Physics and  Maths","50% with Physics, Maths and ELR","-  5% to Defence Personnel and their Dependents/Wards of Kashmiri Migrants.
 -  10% to North East states and Sikkim candidates",Medical fitness certificate is mandatory to submit and it is to be endorsed by Government medical officer,3 years diploma in MLT after 10th
After 10+2,b sc physics,"60% with English, Physics and  Maths","50% with Physics, Maths and ELR","-  5% to Defence Personnel and their Dependents/Wards of Kashmiri Migrants.
 -  10% to North East states and Sikkim candidates",Medical fitness certificate is mandatory to submit and it is to be endorsed by Government medical officer,3 years diploma in MLT after 10th
After 10+2,b sc hons hons with research chemistry,60% with English  and Chemistry,50% with Chemistry and ELR,"-  5% to Defence Personnel and their Dependents/Wards of Kashmiri Migrants.
 -  10% to North East states and Sikkim candidates",Medical fitness certificate is mandatory to submit and it is to be endorsed by Government medical officer,3 years diploma in MLT after 10th
After 10+2,b sc chemistry,60% with English  and Chemistry,50% with Chemistry and ELR,"-  5% to Defence Personnel and their Dependents/Wards of Kashmiri Migrants.
 -  10% to North East states and Sikkim candidates",Medical fitness certificate is mandatory to submit and it is to be endorsed by Government medical officer,3 years diploma in MLT after 10th
After 10+2,b sc hons hons with research mathematics,"60% with English, Physics, Chemistry and Maths","50% with Physics, Chemistry, Maths and ELR","-  5% to Defence Personnel and their Dependents/Wards of Kashmiri Migrants.
 -  10% to North East states and Sikkim candidates",Medical fitness certificate is mandatory to submit and it is to be endorsed by Government medical officer,3 years diploma in MLT after 10th
After 10+2,b sc mathematics,"60% with English, Physics, Chemistry and Maths","50% with Physics, Chemistry, Maths and ELR","-  5% to Defence Personnel and their Dependents/Wards of Kashmiri Migrants.
 -  10% to North East states and Sikkim candidates",Medical fitness certificate is mandatory to submit and it is to be endorsed by Government medical officer,3 years diploma in MLT after 10th
After 10+2,bba 3yrs including with international credit transfer option,50% with  English,50% and  ELR,5% to North East states and Sikkim candidates / Defence Personnel and their Dependents/ Wards of Kashmiri Migrants.,*The students from Hunar Sikhiya School (HSS) Senior Secondary (10+2) certification are also eligible for admission,3 years diploma in MLT after 10th
After 10+2,bba hons hons with research,50% with  English,50% and  ELR,5% to North East states and Sikkim candidates / Defence Personnel and their Dependents/ Wards of Kashmiri Migrants.,*The students from Hunar Sikhiya School (HSS) Senior Secondary (10+2) certification are also eligible for admission,3 years diploma in MLT after 10th
After 10+2,integrated bba mba,60% with  English,60% and  ELR,"-  5% to Defence Personnel and their Dependents*/Wards of Kashmiri Migrants.
 -  10% to North East states and Sikkim candidates

* Not applicable for Tie-up programmes",*The students from Hunar Sikhiya School (HSS) Senior Secondary (10+2) certification are also eligible for admission,3 years diploma in MLT after 10th
After 10+2,bba hons technology and management with global immersion,60% with  English,60% and  ELR,"-  5% to Defence Personnel and their Dependents*/Wards of Kashmiri Migrants.
 -  10% to North East states and Sikkim candidates

* Not applicable for Tie-up programmes",*The students from Hunar Sikhiya School (HSS) Senior Secondary (10+2) certification are also eligible for admission,3 years diploma in MLT after 10th
After 10+2,bba international finance,60% with  English,50% and  ELR,"-  5% to Defence Personnel and their Dependents*/Wards of Kashmiri Migrants.
 -  10% to North East states and Sikkim candidates

* Not applicable for Tie-up programmes",*The students from Hunar Sikhiya School (HSS) Senior Secondary (10+2) certification are also eligible for admission,3 years diploma in MLT after 10th
After 10+2,bba financial markets,60% with  English,50% and  ELR,"-  5% to Defence Personnel and their Dependents*/Wards of Kashmiri Migrants.
 -  10% to North East states and Sikkim candidates

* Not applicable for Tie-up programmes",*The students from Hunar Sikhiya School (HSS) Senior Secondary (10+2) certification are also eligible for admission,3 years diploma in MLT after 10th
After 10+2,bba business analytics,60% with  English,50% and  ELR,"-  5% to Defence Personnel and their Dependents*/Wards of Kashmiri Migrants.
 -  10% to North East states and Sikkim candidates

* Not applicable for Tie-up programmes",*The students from Hunar Sikhiya School (HSS) Senior Secondary (10+2) certification are also eligible for admission,3 years diploma in MLT after 10th
After 10+2,bba international accounting,60% with  English,50% and  ELR,"-  5% to Defence Personnel and their Dependents*/Wards of Kashmiri Migrants.
 -  10% to North East states and Sikkim candidates

* Not applicable for Tie-up programmes",*The students from Hunar Sikhiya School (HSS) Senior Secondary (10+2) certification are also eligible for admission,3 years diploma in MLT after 10th
After 10+2,bba corporate finance,60% with  English,50% and  ELR,"-  5% to Defence Personnel and their Dependents*/Wards of Kashmiri Migrants.
 -  10% to North East states and Sikkim candidates

* Not applicable for Tie-up programmes",*The students from Hunar Sikhiya School (HSS) Senior Secondary (10+2) certification are also eligible for admission,3 years diploma in MLT after 10th
After 10+2,bba fintech and artificial intelligence,60% with  English,50% and  ELR,"-  5% to Defence Personnel and their Dependents*/Wards of Kashmiri Migrants.
 -  10% to North East states and Sikkim candidates

* Not applicable for Tie-up programmes",*The students from Hunar Sikhiya School (HSS) Senior Secondary (10+2) certification are also eligible for admission,3 years diploma in MLT after 10th
After 10+2,bba artificial intelligence and machine learning,60% with  English,50% and  ELR,"-  5% to Defence Personnel and their Dependents*/Wards of Kashmiri Migrants.
 -  10% to North East states and Sikkim candidates

* Not applicable for Tie-up programmes",*The students from Hunar Sikhiya School (HSS) Senior Secondary (10+2) certification are also eligible for admission,3 years diploma in MLT after 10th
After 10+2,bba digital marketing and artificial intelligence,50% with  English,50% and  ELR,5% to North East states and Sikkim candidates / Defence Personnel and their Dependents/ Wards of Kashmiri Migrants.,*The students from Hunar Sikhiya School (HSS) Senior Secondary (10+2) certification are also eligible for admission,3 years diploma in MLT after 10th
After 10+2,bba cargo logistics and supply chain management,50% with  English,50% and  ELR,5% to North East states and Sikkim candidates / Defence Personnel and their Dependents/ Wards of Kashmiri Migrants.,*The students from Hunar Sikhiya School (HSS) Senior Secondary (10+2) certification are also eligible for admission,3 years diploma in MLT after 10th
After 10+2,b com including with international credit transfer option,50% with  English,50% and  ELR,5% to North East states and Sikkim candidates / Defence Personnel and their Dependents/ Wards of Kashmiri Migrants.,*The students from Hunar Sikhiya School (HSS) Senior Secondary (10+2) certification are also eligible for admission,3 years diploma in MLT after 10th
After 10+2,b com hons hons with research,50% with  English,50% and  ELR,5% to North East states and Sikkim candidates / Defence Personnel and their Dependents/ Wards of Kashmiri Migrants.,*The students from Hunar Sikhiya School (HSS) Senior Secondary (10+2) certification are also eligible for admission,3 years diploma in MLT after 10th
After 10+2,b com management accounting and international finance,60% with  English,50% and  ELR,"- 5% to Defence Personnel and their Dependents*/Wards of Kashmiri Migrants.
 - 10% to North East states and Sikkim candidates

* Not applicable for Tie-up programmes",*The students from Hunar Sikhiya School (HSS) Senior Secondary (10+2) certification are also eligible for admission,3 years diploma in MLT after 10th
After 10+2,b com international accounting,60% with  English,50% and  ELR,"- 5% to Defence Personnel and their Dependents*/Wards of Kashmiri Migrants.
 - 10% to North East states and Sikkim candidates

* Not applicable for Tie-up programmes",*The students from Hunar Sikhiya School (HSS) Senior Secondary (10+2) certification are also eligible for admission,3 years diploma in MLT after 10th
After 10+2,b com corporate finance,60% with  English,50% and  ELR,"- 5% to Defence Personnel and their Dependents*/Wards of Kashmiri Migrants.
 - 10% to North East states and Sikkim candidates

* Not applicable for Tie-up programmes",*The students from Hunar Sikhiya School (HSS) Senior Secondary (10+2) certification are also eligible for admission,3 years diploma in MLT after 10th
After 10+2,b com fintech and artificial intelligence,60% with  English,50% and  ELR,"- 5% to Defence Personnel and their Dependents*/Wards of Kashmiri Migrants.
 - 10% to North East states and Sikkim candidates

* Not applicable for Tie-up programmes",*The students from Hunar Sikhiya School (HSS) Senior Secondary (10+2) certification are also eligible for admission,3 years diploma in MLT after 10th
After 10+2,b sc economics,50% with  English,50% and  ELR,5% to North East states and Sikkim candidates / Defence Personnel and their Dependents/Wards of Kashmiri Migrants.,*The students from Hunar Sikhiya School (HSS) Senior Secondary (10+2) certification are also eligible for admission,3 years diploma in MLT after 10th
After 10+2,b sc hons hons with research economics,50% with  English,50% and  ELR,5% to North East states and Sikkim candidates / Defence Personnel and their Dependents/Wards of Kashmiri Migrants.,*The students from Hunar Sikhiya School (HSS) Senior Secondary (10+2) certification are also eligible for admission,3 years diploma in MLT after 10th
After 10+2,hotel management and tourism,50% with  English,50% and  ELR,5% to North East states and Sikkim candidates / Defence Personnel and their Dependents/Wards of Kashmiri Migrants.,*The students from Hunar Sikhiya School (HSS) Senior Secondary (10+2) certification are also eligible for admission,3 years diploma in MLT after 10th
After 10+2,bba tourism hospitality and event management,50% with  English,50% and  ELR,5% to North East states and Sikkim candidates / Defence Personnel and their Dependents/Wards of Kashmiri Migrants.,*The students from Hunar Sikhiya School (HSS) Senior Secondary (10+2) certification are also eligible for admission,3 years diploma in MLT after 10th
After 10+2,bba airlines and airport management,50% with  English,50% and  ELR,5% to North East states and Sikkim candidates / Defence Personnel and their Dependents/Wards of Kashmiri Migrants.,*The students from Hunar Sikhiya School (HSS) Senior Secondary (10+2) certification are also eligible for admission,3 years diploma in MLT after 10th
After 10+2,b sc hotel and hospitality management,50% with  English,50% and  ELR,5% to North East states and Sikkim candidates / Defence Personnel and their Dependents/Wards of Kashmiri Migrants.,*The students from Hunar Sikhiya School (HSS) Senior Secondary (10+2) certification are also eligible for admission,3 years diploma in MLT after 10th
After 10+2,b sc culinary arts,50% with  English,50% and  ELR,5% to North East states and Sikkim candidates / Defence Personnel and their Dependents/Wards of Kashmiri Migrants.,*The students from Hunar Sikhiya School (HSS) Senior Secondary (10+2) certification are also eligible for admission,3 years diploma in MLT after 10th
After 10+2,bhmct including with international credit transfer option,50% with  English,50% and  ELR,5% to North East states and Sikkim candidates / Defence Personnel and their Dependents/Wards of Kashmiri Migrants.,*The students from Hunar Sikhiya School (HSS) Senior Secondary (10+2) certification are also eligible for admission,3 years diploma in MLT after 10th
After 10+2,b sc airlines tourism and hospitality,50% with  English,50% and  ELR,5% to North East states and Sikkim candidates / Defence Personnel and their Dependents/Wards of Kashmiri Migrants.,*The students from Hunar Sikhiya School (HSS) Senior Secondary (10+2) certification are also eligible for admission,3 years diploma in MLT after 10th
After 10+2,b a ll b hons,"60% with  English  + LPUNEST*/ CLAT/ CUET

*LPUNEST will be exempted if candidate scores 90% or more marks in the qualifying  exam.",50% and ELR,"1. ) 5% to SC/ST and  3% to OBC.
2.)  5% to Defence Personnel and their Dependents/Wards of Kashmiri Migrants.
3.)  10% to North East states and Sikkim candidates
Note:- Only one relaxation to be given",*The students from Hunar Sikhiya School (HSS) Senior Secondary (10+2) certification are also eligible for admission,3 years diploma in MLT after 10th
After 10+2,bba ll b hons,"60% with  English  + LPUNEST*/ CLAT/ CUET

*LPUNEST will be exempted if candidate scores 90% or more marks in the qualifying  exam.",50% and ELR,"1. ) 5% to SC/ST and  3% to OBC.
2.)  5% to Defence Personnel and their Dependents/Wards of Kashmiri Migrants.
3.)  10% to North East states and Sikkim candidates
Note:- Only one relaxation to be given",*The students from Hunar Sikhiya School (HSS) Senior Secondary (10+2) certification are also eligible for admission,3 years diploma in MLT after 10th
After 10+2,architecture after 10 2,"60% with  English  + LPUNEST*/ CLAT/ CUET

*LPUNEST will be exempted if candidate scores 90% or more marks in the qualifying  exam.",50% and ELR,"1. ) 5% to SC/ST and  3% to OBC.
2.)  5% to Defence Personnel and their Dependents/Wards of Kashmiri Migrants.
3.)  10% to North East states and Sikkim candidates
Note:- Only one relaxation to be given",*The students from Hunar Sikhiya School (HSS) Senior Secondary (10+2) certification are also eligible for admission,3 years diploma in MLT after 10th
After 10+2,b arch,"50% in 10+2 with English, Physics, Mathematics & Chemistry/ Biology/ Computer Science/ IT/ Business Study/ Engineering Graphics/ Informatics Practice/ Technical Vocational Subject + NATA 2026
OR
50% in  Diploma (3 years any stream with Mathematics ) +  NATA 2026","50% in 10+2 with English, Physics, Mathematics & Chemistry/ Biology/ Computer Science/ IT/ Business Study/ Engineering Graphics/ Informatics Practice/ Technical Vocational Subject + NATA 2026 and ELR
OR
50% in Diploma (3 years any stream with Mathematics ) + NATA 2026 and ELR","1. ) 5% to SC/ST and  3% to OBC.
2.)  5% to Defence Personnel and their Dependents/Wards of Kashmiri Migrants.
3.)  10% to North East states and Sikkim candidates
Note:- Only one relaxation to be given",*The students from Hunar Sikhiya School (HSS) Senior Secondary (10+2) certification are also eligible for admission,3 years diploma in MLT after 10th
After 10+2,integrated b tech m tech urban and regional planning,"50% in 10+2 with English
(The candidates not having passed mathematics at the 10+2 level will have to do 2 additional courses ie mathematics and statistics, in the first 2 semesters as bridge course)

OR
50% in Diploma Architecture/ Civil Engineering/ Design (3yrs.  after 10th)","50% in 10+2 and ELR
(The candidates not having passed mathematics at the 10+2 level will have to do 2 additional courses ie mathematics and statistics, in the first 2 semesters as bridge course)

OR
50% in Diploma Architecture/ Civil Engineering/ Design (3yrs.  after 10th) and ELR","1. ) 5% to SC/ST and  3% to OBC.
2.)  5% to Defence Personnel and their Dependents/Wards of Kashmiri Migrants.
3.)  10% to North East states and Sikkim candidates
Note:- Only one relaxation to be given",*The students from Hunar Sikhiya School (HSS) Senior Secondary (10+2) certification are also eligible for admission,3 years diploma in MLT after 10th
After 10+2,interior and furniture deisgn,"50% in 10+2 with English
(The candidates not having passed mathematics at the 10+2 level will have to do 2 additional courses ie mathematics and statistics, in the first 2 semesters as bridge course)

OR
50% in Diploma Architecture/ Civil Engineering/ Design (3yrs.  after 10th)","50% in 10+2 and ELR
(The candidates not having passed mathematics at the 10+2 level will have to do 2 additional courses ie mathematics and statistics, in the first 2 semesters as bridge course)

OR
50% in Diploma Architecture/ Civil Engineering/ Design (3yrs.  after 10th) and ELR","1. ) 5% to SC/ST and  3% to OBC.
2.)  5% to Defence Personnel and their Dependents/Wards of Kashmiri Migrants.
3.)  10% to North East states and Sikkim candidates
Note:- Only one relaxation to be given",*The students from Hunar Sikhiya School (HSS) Senior Secondary (10+2) certification are also eligible for admission,3 years diploma in MLT after 10th
After 10+2,b sc interior and furniture design,"50% with  English + LPUNEST* or UCEED or NID-UG or NIFT-UG or CUET

*LPUNEST will be exempted if candidate scores 90% or more marks in the qualifying  exam.",50% and  ELR,5% to North East states and Sikkim candidates / Defence Personnel and their Dependents/Wards of Kashmiri Migrants.,*The students from Hunar Sikhiya School (HSS) Senior Secondary (10+2) certification are also eligible for admission,3 years diploma in MLT after 10th
After 10+2,b design interior and furniture,"50% with  English + LPUNEST* or UCEED or NID-UG or NIFT-UG or CUET

*LPUNEST will be exempted if candidate scores 90% or more marks in the qualifying  exam.",50% and  ELR,5% to North East states and Sikkim candidates / Defence Personnel and their Dependents/Wards of Kashmiri Migrants.,*The students from Hunar Sikhiya School (HSS) Senior Secondary (10+2) certification are also eligible for admission,3 years diploma in MLT after 10th
After 10+2,product and industrial design,"50% with  English + LPUNEST* or UCEED or NID-UG or NIFT-UG or CUET

*LPUNEST will be exempted if candidate scores 90% or more marks in the qualifying  exam.",50% and  ELR,5% to North East states and Sikkim candidates / Defence Personnel and their Dependents/Wards of Kashmiri Migrants.,*The students from Hunar Sikhiya School (HSS) Senior Secondary (10+2) certification are also eligible for admission,3 years diploma in MLT after 10th
After 10+2,b design product and industrial,"50% with  English + LPUNEST* or UCEED or NID-UG or NIFT-UG or CUET

*LPUNEST will be exempted if candidate scores 90% or more marks in the qualifying  exam.",50% and  ELR,5% to North East states and Sikkim candidates / Defence Personnel and their Dependents/Wards of Kashmiri Migrants.,*The students from Hunar Sikhiya School (HSS) Senior Secondary (10+2) certification are also eligible for admission,3 years diploma in MLT after 10th
After 10+2,interaction design ui ux,"50% with  English + LPUNEST* or UCEED or NID-UG or NIFT-UG or CUET

*LPUNEST will be exempted if candidate scores 90% or more marks in the qualifying  exam.",50% and  ELR,5% to North East states and Sikkim candidates / Defence Personnel and their Dependents/Wards of Kashmiri Migrants.,*The students from Hunar Sikhiya School (HSS) Senior Secondary (10+2) certification are also eligible for admission,3 years diploma in MLT after 10th
After 10+2,b design ui ux,"50% with  English + LPUNEST* or UCEED or NID-UG or NIFT-UG or CUET

*LPUNEST will be exempted if candidate scores 90% or more marks in the qualifying  exam.",50% and  ELR,5% to North East states and Sikkim candidates / Defence Personnel and their Dependents/Wards of Kashmiri Migrants.,*The students from Hunar Sikhiya School (HSS) Senior Secondary (10+2) certification are also eligible for admission,3 years diploma in MLT after 10th
After 10+2,fashion design,"50% with  English + LPUNEST* or UCEED or NID-UG or NIFT-UG or CUET

*LPUNEST will be exempted if candidate scores 90% or more marks in the qualifying  exam.",50% and  ELR,5% to North East states and Sikkim candidates / Defence Personnel and their Dependents/Wards of Kashmiri Migrants.,*The students from Hunar Sikhiya School (HSS) Senior Secondary (10+2) certification are also eligible for admission,3 years diploma in MLT after 10th
After 10+2,b sc fashion design,"50% with  English + LPUNEST* or UCEED or NID-UG or NIFT-UG or CUET

*LPUNEST will be exempted if candidate scores 90% or more marks in the qualifying  exam.",50% and  ELR,5% to North East states and Sikkim candidates / Defence Personnel and their Dependents/Wards of Kashmiri Migrants.,*The students from Hunar Sikhiya School (HSS) Senior Secondary (10+2) certification are also eligible for admission,3 years diploma in MLT after 10th
After 10+2,b design fashion including with international credit transfer option,"50% with  English + LPUNEST* or UCEED or NID-UG or NIFT-UG or CUET

*LPUNEST will be exempted if candidate scores 90% or more marks in the qualifying  exam.",50% and  ELR,5% to North East states and Sikkim candidates / Defence Personnel and their Dependents/Wards of Kashmiri Migrants.,*The students from Hunar Sikhiya School (HSS) Senior Secondary (10+2) certification are also eligible for admission,3 years diploma in MLT after 10th
After 10+2,multimedia and animation,"50% with  English + LPUNEST* or UCEED or NID-UG or NIFT-UG or CUET

*LPUNEST will be exempted if candidate scores 90% or more marks in the qualifying  exam.",50% and  ELR,5% to North East states and Sikkim candidates / Defence Personnel and their Dependents/Wards of Kashmiri Migrants.,*The students from Hunar Sikhiya School (HSS) Senior Secondary (10+2) certification are also eligible for admission,3 years diploma in MLT after 10th
After 10+2,b sc animation and vfx design,"50% with  English + LPUNEST* or UCEED or NID-UG or NIFT-UG or CUET

*LPUNEST will be exempted if candidate scores 90% or more marks in the qualifying  exam.",50% and  ELR,5% to North East states and Sikkim candidates / Defence Personnel and their Dependents/Wards of Kashmiri Migrants.,*The students from Hunar Sikhiya School (HSS) Senior Secondary (10+2) certification are also eligible for admission,3 years diploma in MLT after 10th
After 10+2,b design animation and vfx,"50% with  English + LPUNEST* or UCEED or NID-UG or NIFT-UG or CUET

*LPUNEST will be exempted if candidate scores 90% or more marks in the qualifying  exam.",50% and  ELR,5% to North East states and Sikkim candidates / Defence Personnel and their Dependents/Wards of Kashmiri Migrants.,*The students from Hunar Sikhiya School (HSS) Senior Secondary (10+2) certification are also eligible for admission,3 years diploma in MLT after 10th
After 10+2,b sc graphics design,"50% with  English + LPUNEST* or UCEED or NID-UG or NIFT-UG or CUET

*LPUNEST will be exempted if candidate scores 90% or more marks in the qualifying  exam.",50% and  ELR,5% to North East states and Sikkim candidates / Defence Personnel and their Dependents/Wards of Kashmiri Migrants.,*The students from Hunar Sikhiya School (HSS) Senior Secondary (10+2) certification are also eligible for admission,3 years diploma in MLT after 10th
After 10+2,b design graphics,"50% with  English + LPUNEST* or UCEED or NID-UG or NIFT-UG or CUET

*LPUNEST will be exempted if candidate scores 90% or more marks in the qualifying  exam.",50% and  ELR,5% to North East states and Sikkim candidates / Defence Personnel and their Dependents/Wards of Kashmiri Migrants.,*The students from Hunar Sikhiya School (HSS) Senior Secondary (10+2) certification are also eligible for admission,3 years diploma in MLT after 10th
After 10+2,b sc gaming design,"50% with  English + LPUNEST* or UCEED or NID-UG or NIFT-UG or CUET

*LPUNEST will be exempted if candidate scores 90% or more marks in the qualifying  exam.",50% and  ELR,5% to North East states and Sikkim candidates / Defence Personnel and their Dependents/Wards of Kashmiri Migrants.,*The students from Hunar Sikhiya School (HSS) Senior Secondary (10+2) certification are also eligible for admission,3 years diploma in MLT after 10th
After 10+2,b design gaming,"50% with  English + LPUNEST* or UCEED or NID-UG or NIFT-UG or CUET

*LPUNEST will be exempted if candidate scores 90% or more marks in the qualifying  exam.",50% and  ELR,5% to North East states and Sikkim candidates / Defence Personnel and their Dependents/Wards of Kashmiri Migrants.,*The students from Hunar Sikhiya School (HSS) Senior Secondary (10+2) certification are also eligible for admission,3 years diploma in MLT after 10th
After 10+2,b a fine arts,Pass,50% and ELR,5% to North East states and Sikkim candidates / Defence Personnel and their Dependents/Wards of Kashmiri Migrants.,*The students from Hunar Sikhiya School (HSS) Senior Secondary (10+2) certification are also eligible for admission,3 years diploma in MLT after 10th
After 10+2,bachelor of fine arts bfa,Pass,50% and ELR,5% to North East states and Sikkim candidates / Defence Personnel and their Dependents/Wards of Kashmiri Migrants.,*The students from Hunar Sikhiya School (HSS) Senior Secondary (10+2) certification are also eligible for admission,3 years diploma in MLT after 10th
After 10+2,journalism and film production,Pass,50% and ELR,5% to North East states and Sikkim candidates / Defence Personnel and their Dependents/Wards of Kashmiri Migrants.,*The students from Hunar Sikhiya School (HSS) Senior Secondary (10+2) certification are also eligible for admission,3 years diploma in MLT after 10th
After 10+2,b sc film and tv production,50% with  English,50%  and ELR,5% to North East states and Sikkim candidates / Defence Personnel and their Dependents/Wards of Kashmiri Migrants.,*The students from Hunar Sikhiya School (HSS) Senior Secondary (10+2) certification are also eligible for admission,3 years diploma in MLT after 10th
After 10+2,b design film and tv production,50% with  English,50% and ELR,5% to North East states and Sikkim candidates / Defence Personnel and their Dependents/Wards of Kashmiri Migrants.,*The students from Hunar Sikhiya School (HSS) Senior Secondary (10+2) certification are also eligible for admission,3 years diploma in MLT after 10th
After 10+2,journalism and film production,50% with  English,50% and ELR,5% to North East states and Sikkim candidates / Defence Personnel and their Dependents/Wards of Kashmiri Migrants.,*The students from Hunar Sikhiya School (HSS) Senior Secondary (10+2) certification are also eligible for admission,3 years diploma in MLT after 10th
After 10+2,b a journalism and mass communication,50% with  English,50% and ELR,5% to North East states and Sikkim candidates / Defence Personnel and their Dependents/Wards of Kashmiri Migrants.,*The students from Hunar Sikhiya School (HSS) Senior Secondary (10+2) certification are also eligible for admission,3 years diploma in MLT after 10th
After 10+2,performing arts,50% with  English,50% and ELR,5% to North East states and Sikkim candidates / Defence Personnel and their Dependents/Wards of Kashmiri Migrants.,*The students from Hunar Sikhiya School (HSS) Senior Secondary (10+2) certification are also eligible for admission,3 years diploma in MLT after 10th
After 10+2,b a music vocal theatre,Pass,50% and ELR,5% to North East states and Sikkim candidates / Defence Personnel and their Dependents/Wards of Kashmiri Migrants.,*The students from Hunar Sikhiya School (HSS) Senior Secondary (10+2) certification are also eligible for admission,3 years diploma in MLT after 10th
After 10+2,bpa music vocal theatre,Pass,50% and ELR,5% to North East states and Sikkim candidates / Defence Personnel and their Dependents/Wards of Kashmiri Migrants.,*The students from Hunar Sikhiya School (HSS) Senior Secondary (10+2) certification are also eligible for admission,3 years diploma in MLT after 10th
After 10+2,bachelor in clinical psychology b clin psy,"50% in 10+2 with (English , Physics, Chemistry & Maths/Biology) + LPUNEST","50% in 10+2 with (Physics, Chemistry & Maths/Biology) + LPUIST and ELR",5% to North East states and Sikkim candidates / Defence Personnel and their Dependents/Wards of Kashmiri Migrants.,*The students from Hunar Sikhiya School (HSS) Senior Secondary (10+2) certification are also eligible for admission,3 years diploma in MLT after 10th
After 10+2,bachelor of psychology b psy,50% with English + LPUNEST/ CUET,50% + LPUIST and ELR,5% to North East states and Sikkim candidates / Defence Personnel and their Dependents/Wards of Kashmiri Migrants.,*The students from Hunar Sikhiya School (HSS) Senior Secondary (10+2) certification are also eligible for admission,3 years diploma in MLT after 10th
After 10+2,arts humanities,50% with English + LPUNEST/ CUET,50% + LPUIST and ELR,5% to North East states and Sikkim candidates / Defence Personnel and their Dependents/Wards of Kashmiri Migrants.,*The students from Hunar Sikhiya School (HSS) Senior Secondary (10+2) certification are also eligible for admission,3 years diploma in MLT after 10th
After 10+2,bachelor of arts b a,Pass,50% and ELR,5% to North East states and Sikkim candidates / Defence Personnel and their Dependents/Wards of Kashmiri Migrants.,*The students from Hunar Sikhiya School (HSS) Senior Secondary (10+2) certification are also eligible for admission,3 years diploma in MLT after 10th
After 10+2,b a hons hons with research,Pass,50% and ELR,5% to North East states and Sikkim candidates / Defence Personnel and their Dependents/Wards of Kashmiri Migrants.,*The students from Hunar Sikhiya School (HSS) Senior Secondary (10+2) certification are also eligible for admission,3 years diploma in MLT after 10th
After 10+2,b a social science,Pass,50% and ELR,5% to North East states and Sikkim candidates / Defence Personnel and their Dependents/Wards of Kashmiri Migrants.,*The students from Hunar Sikhiya School (HSS) Senior Secondary (10+2) certification are also eligible for admission,3 years diploma in MLT after 10th
After 10+2,bachelor of social work bsw,55% with  English,50% and ELR,5% to North East states and Sikkim candidates / Defence Personnel and their Dependents/Wards of Kashmiri Migrants.,*The students from Hunar Sikhiya School (HSS) Senior Secondary (10+2) certification are also eligible for admission,3 years diploma in MLT after 10th
After 10+2,bachelor of social work hons hons with research,55% with  English,50% and ELR,5% to North East states and Sikkim candidates / Defence Personnel and their Dependents/Wards of Kashmiri Migrants.,*The students from Hunar Sikhiya School (HSS) Senior Secondary (10+2) certification are also eligible for admission,3 years diploma in MLT after 10th
After 10+2,governance and public policy,55% with  English,50% and ELR,5% to North East states and Sikkim candidates / Defence Personnel and their Dependents/Wards of Kashmiri Migrants.,*The students from Hunar Sikhiya School (HSS) Senior Secondary (10+2) certification are also eligible for admission,3 years diploma in MLT after 10th
After 10+2,b sc public policy,50% with  English,50% and ELR,5% to North East states and Sikkim candidates / Defence Personnel and their Dependents/Wards of Kashmiri Migrants.,*The students from Hunar Sikhiya School (HSS) Senior Secondary (10+2) certification are also eligible for admission,3 years diploma in MLT after 10th
After 10+2,library sciences,50% with  English,50% and ELR,5% to North East states and Sikkim candidates / Defence Personnel and their Dependents/Wards of Kashmiri Migrants.,*The students from Hunar Sikhiya School (HSS) Senior Secondary (10+2) certification are also eligible for admission,3 years diploma in MLT after 10th
After 10+2,diploma in library and information sciences,0.5,50%  and ELR,5% to North East states and Sikkim candidates / Defence Personnel and their Dependents/Wards of Kashmiri Migrants.,*The students from Hunar Sikhiya School (HSS) Senior Secondary (10+2) certification are also eligible for admission,3 years diploma in MLT after 10th
After 10+2,b a b ed secondary stage four year integrated teacher education programme itep,50% Marks in Senior Secondary /+2 + NCET test by NTA,50% Marks in Senior Secondary /+2 + NCET test by NTA + ELR,5% to SC/ST/BC,*The students from Hunar Sikhiya School (HSS) Senior Secondary (10+2) certification are also eligible for admission,3 years diploma in MLT after 10th
After 10+2,b sc b ed secondary stage four year integrated teacher education programme itep,50% Marks in Senior Secondary /+2 Science or its equivalent + NCET test by NTA,50% Marks in Senior Secondary /+2 Science or its equivalent + NCET test by NTA + ELR,5% to SC/ST/BC,*The students from Hunar Sikhiya School (HSS) Senior Secondary (10+2) certification are also eligible for admission,3 years diploma in MLT after 10th
After 10+2,b a b ed spl ed multiple disability preparatory stage isitep,50% Marks in Senior Secondary /+2 + LPUNEST,50% Marks in Senior Secondary /+2 + LPUIST + ELR,5% to SC/ST/BC,*The students from Hunar Sikhiya School (HSS) Senior Secondary (10+2) certification are also eligible for admission,3 years diploma in MLT after 10th
After 10+2,physical education,50% Marks in Senior Secondary /+2 + LPUNEST,50% Marks in Senior Secondary /+2 + LPUIST + ELR,5% to SC/ST/BC,*The students from Hunar Sikhiya School (HSS) Senior Secondary (10+2) certification are also eligible for admission,3 years diploma in MLT after 10th
After 10+2,b sc health and physical education,"Pass +PET
Note:-Medical  Fitness Certificate (as per university prescribed format) is Compulsory","50%  and ELR + PET
Note:-Medical  Fitness Certificate (as per university prescribed format) is Compulsory",5% to SC/ST/BC,"- Medical  Fitness Certificate Compulsory
 - The students from Hunar Sikhiya School (HSS) Senior Secondary (10+2) certification are also eligible for admission",3 years diploma in MLT after 10th
After 10+2,bachelor of physical education and sports bpes,"Pass +PET
Note:-Medical  Fitness Certificate (as per university prescribed format) is Compulsory","50%  and ELR + PET
Note:-Medical  Fitness Certificate (as per university prescribed format) is Compulsory",5% to SC/ST/BC,"- Medical  Fitness Certificate Compulsory
 - The students from Hunar Sikhiya School (HSS) Senior Secondary (10+2) certification are also eligible for admission",3 years diploma in MLT after 10th
After 10+2,pharmaceutical sciences,"Pass +PET
Note:-Medical  Fitness Certificate (as per university prescribed format) is Compulsory","50%  and ELR + PET
Note:-Medical  Fitness Certificate (as per university prescribed format) is Compulsory",5% to SC/ST/BC,"- Medical  Fitness Certificate Compulsory
 - The students from Hunar Sikhiya School (HSS) Senior Secondary (10+2) certification are also eligible for admission",3 years diploma in MLT after 10th
After 10+2,b pharm,"60% with  English, Physics, Chemistry  and Maths/ Biology + LPUNEST*/ CUET/NEET

*LPUNEST will be exempted if candidate scores 90% or more marks in the qualifying  exam.

Age Condition:- Minimum 17 Years (i.e. on or before 31st Dec. 2026)","50% with  Physics, Chemistry and  Maths/ Biology and ELR


Age Condition:- Minimum 17 Years (i.e. on or before 31st Dec. 2026)",5% to North East states and Sikkim candidates / Defence Personnel and their Dependents/Wards of Kashmiri Migrants.,"- No Age Condition
- Open School–passed students from Central or State Government institutions are also eligible",3 years diploma in MLT after 10th
After 10+2,pharm d doctor of pharmacy,"60% with  English, Physics, Chemistry  and Maths/ Biology + LPUNEST*/ CUET/ NEET

*LPUNEST will be exempted if candidate scores 90% or more marks in the qualifying  exam.","50% with  Physics, Chemistry and  Maths/ Biology and ELR",5% to North East states and Sikkim candidates / Defence Personnel and their Dependents/Wards of Kashmiri Migrants.,"- No Age Condition
- Open School–passed students from Central or State Government institutions are also eligible",3 years diploma in MLT after 10th
After 10+2,bachelor of physiotherapy b pt,"60% with  English, Physics, Chemistry &  Biology (Botany & Zoology) + LPUNEST/ CUET/NEET

Age Condition:- Minimum 17 Years (i.e. on or before 31st Dec. 2026)","50%   with Physics, Chemistry &  Biology (Botany & Zoology) and ELR

Age Condition:- Minimum 17 Years (i.e. on or before 31st Dec. 2026)","- 5% to Defence Personnel and their Dependents/Wards of Kashmiri Migrants.
- 10% to North East states and Sikkim candidates",Medical fitness certificate is mandatory to submit and it is to be endorsed by Government medical officer,3 years diploma in MLT after 10th
After 10+2,medical laboratory sciences,"60% with  English, Physics, Chemistry &  Biology (Botany & Zoology) + LPUNEST/ CUET/NEET

Age Condition:- Minimum 17 Years (i.e. on or before 31st Dec. 2026)","50%   with Physics, Chemistry &  Biology (Botany & Zoology) and ELR

Age Condition:- Minimum 17 Years (i.e. on or before 31st Dec. 2026)","- 5% to Defence Personnel and their Dependents/Wards of Kashmiri Migrants.
- 10% to North East states and Sikkim candidates",Medical fitness certificate is mandatory to submit and it is to be endorsed by Government medical officer,3 years diploma in MLT after 10th
After 10+2,bachelor of medical laboratory science,"60% with English, Physics, Chemistry and   Biology (Botany & Zoology)

Age Condition:- Minimum 17 Years (i.e. on or before 31st Dec. 2026)","50% with Physics, Chemistry and   Biology (Botany & Zoology) and ELR

Age Condition:- Minimum 17 Years (i.e. on or before 31st Dec. 2026)","- 5% to Defence Personnel and their Dependents*/Wards of Kashmiri Migrants.
 - 10% to North East states and Sikkim candidates

* Not applicable for Tie-up programmes",Medical fitness certificate is mandatory to submit and it is to be endorsed by Government medical officer,3 years diploma in MLT after 10th
After 10+2,bachelor of optometry,"60% with English, Physics, Chemistry, Biology/ Mathematics

Age Condition:- Minimum 17 Years (i.e. on or before 31st Dec. 2026)","50% with Physics, Chemistry, Biology/ Mathematics and ELR

Age Condition:- Minimum 17 Years (i.e. on or before 31st Dec. 2026)","- 5% to Defence Personnel and their Dependents*/Wards of Kashmiri Migrants.
 - 10% to North East states and Sikkim candidates

* Not applicable for Tie-up programmes",Medical fitness certificate is mandatory to submit and it is to be endorsed by Government medical officer,3 years diploma in MLT after 10th
After 10+2,bachelor of cardiovascular technology,"60% with English, Physics, Chemistry, Biology

Age Condition:- Minimum 17 Years (i.e. on or before 31st Dec. 2026)","50% with Physics, Chemistry, Biology and ELR

Age Condition:- Minimum 17 Years (i.e. on or before 31st Dec. 2026)","- 5% to Defence Personnel and their Dependents*/Wards of Kashmiri Migrants.
 - 10% to North East states and Sikkim candidates

* Not applicable for Tie-up programmes",Medical fitness certificate is mandatory to submit and it is to be endorsed by Government medical officer,3 years diploma in MLT after 10th
After 10+2,bachelor of anaesthesia and operation theatre technology,"60% with English , Physics, Chemistry, Biology/Mathematics

Age Condition:- Minimum 17 Years (i.e. on or before 31st Dec. 2026)","50% with Physics, Chemistry, Biology/Mathematics and ELR

Age Condition:- Minimum 17 Years (i.e. on or before 31st Dec. 2026)",5% to SC/ST and  OBC,Medical fitness certificate is mandatory to submit and it is to be endorsed by Government medical officer,3 years diploma in MLT after 10th
After 10+2,bachelor of medical radiology and imaging technology,"60% with English, Physics, Chemistry and Biology

Age Condition:- Minimum 17 Years (i.e. on or before 31st Dec. 2026)","50% with Physics, Chemistry and Biology and ELR

Age Condition:- Minimum 17 Years (i.e. on or before 31st Dec. 2026)",5% to SC/ST and  OBC,Medical fitness certificate is mandatory to submit and it is to be endorsed by Government medical officer,3 years diploma in MLT after 10th
After 10+2,b sc clinical embryology,"60% with English, Physics, Chemistry, and Biology","50% with Physics, Chemistry, and Biology and ELR","- 5% to Defence Personnel and their Dependents*/Wards of Kashmiri Migrants.
 - 10% to North East states and Sikkim candidates",Medical fitness certificate is mandatory to submit and it is to be endorsed by Government medical officer,3 years diploma in MLT after 10th
Lateral Entry,diploma engg lateral entry no integrated,"50% in ITI( In  Technical field) after 10th 1yr or 2 yr / SLIET's 2 Yr Diploma/Certificate 
OR
50% in 10+2 Vocational (In  Technical field)
OR
50% in 10+2 (NM)","50% in ITI(In  Technical field) after 10th 1yr or 2 yr / SLIET's 2 Yr Diploma/Certificate and  ELR 
OR
50%s in 10+2 Vocational (In Technical field) and ELR
OR
50% in 10+2 (NM) and ELR",,,
Lateral Entry,b tech lateral entry,"60%  in Diploma (Engg.) (any stream) (3yrs. after 10th or 2 yrs after 10+2(Non Medical))  or B.Sc (Non- medical)/ B.Sc(Computer  Science) or equivalent + LPUNEST*

Imp:- 1. For B.Tech (CSE) and B.Tech (IT)
BCA will also be considered

2. For B.Tech (Civil Engg)
Diploma in Architectural Assistantship will also be considered
                                       
3. For B.Tech (Biotech), B.Tech. (Biomedical Engg.) 
Only Diploma (Biotech) or B.Sc (Medical) or B.Sc. Bio Sciences will  be considered

4. For B.Tech  (Food Technology):-
Only Diploma (Biotech) or B.Sc (Medical) or B.Sc. Bio Sciences or Diploma (Food Technology)  will  be considered

5. For Chemical Engg.:- Only Diploma (Engg.) (any stream) (3yrs. after 10th or 2 yrs after 10+2(Non Medical) or B.Sc (Non- medical)/ B.Sc. (Hons.) Chemistry

*LPUNEST will be exempted if candidate scores 90% or more marks in the qualifying  exam.","50% in Diploma (Engg.) (any stream) (3yrs. after 10th or 2 yrs after 10+2(Non Medical) ) and ELR or B.Sc (Non- medical)/ B.Sc(Computer  Science)  and ELR            

 1. For B.Tech (CSE) and B.Tech (IT)
BCA and ELR will also be considered

2. For B.Tech (Civil Engg)
Diploma in Architectural Assistantship and ELR will also be considered
                                       
3.B.Tech (Biotech),B.Tech. (Biomedical Engg.) 
Only Diploma (Biotech) or B.Sc (Medical) or B.Sc. Bio Sciences and ELR  will also be considered

4. For B.Tech  (Food Technology):-
Only Diploma (Biotech) or B.Sc (Medical) or B.Sc. Bio Sciences or Diploma (Food Technology)  will  be considered

5.For Chemical Engg.:- Only Diploma (Engg.) (any stream) (3yrs. after 10th or 2 yrs after 10+2(Non Medical) or B.Sc (Non- medical)/ B.Sc. (Hons.) Chemistry",,,For Biomedical:- Diploma Electronic Engg. (Medical Electronics) is also eligible)
Lateral Entry,b tech construction technology lateral entry,"60%  in Diploma (Engg.) (any stream) (3yrs. after 10th or 2 yrs after 10+2(Non Medical))  or B.Sc (Non- medical)/ B.Sc(Computer  Science)

Note:- This proghramme is exclusively for L & T Diploma holders","50% in Diploma (Engg.) (any stream) (3yrs. after 10th or 2 yrs after 10+2(Non Medical) ) and ELR or B.Sc (Non- medical)/ B.Sc(Computer  Science)  and ELR            

 1. For B.Tech (CSE) and B.Tech (IT)
BCA and ELR will also be considered

2. For B.Tech (Civil Engg)
Diploma in Architectural Assistantship and ELR will also be considered
                                       
3.B.Tech (Biotech),B.Tech. (Biomedical Engg.) 
Only Diploma (Biotech) or B.Sc (Medical) or B.Sc. Bio Sciences and ELR  will also be considered

4. For B.Tech  (Food Technology):-
Only Diploma (Biotech) or B.Sc (Medical) or B.Sc. Bio Sciences or Diploma (Food Technology)  will  be considered

5.For Chemical Engg.:- Only Diploma (Engg.) (any stream) (3yrs. after 10th or 2 yrs after 10+2(Non Medical) or B.Sc (Non- medical)/ B.Sc. (Hons.) Chemistry",,,For Biomedical:- Diploma Electronic Engg. (Medical Electronics) is also eligible)
Lateral Entry,bca lateral entry,"50% in Diploma (Engg. Any Stream)  
(3 yrs after 10th) OR  Diploma in Computer Applications/IT (2 yr / 1 yr after 10+2)","50% in Diploma (Engg. Any Stream) 
(3 yrs after 10th) OR Diploma in Computer Applications /IT(2 yr / 1 yr after 10+2) and ELR",,,For Biomedical:- Diploma Electronic Engg. (Medical Electronics) is also eligible)
Lateral Entry,bsc it lateral entry,"50% in Diploma (Engg. Any Stream) 
(3 yrs after 10th) OR  Diploma in Computer Applications/IT (2 yr / 1 yr after 10+2)","50% in Diploma (Engg. Any Stream) 
(3 yrs after 10th) OR  Diploma in Computer Applications /IT(2 yr / 1 yr after 10+2) and ELR",,,For Biomedical:- Diploma Electronic Engg. (Medical Electronics) is also eligible)
Lateral Entry,bba lateral entry,"50% in Diploma (Mgt./Commerce/Economics) 
(3 yrs after 10th) OR (2 yr / 1 yr after 10+2)","50% in Diploma (Mgt./Commerce/Economics) and ELR 
(3 yrs after 10th) 
OR 
(2 yr / 1 yr after 10+2)",,,For Biomedical:- Diploma Electronic Engg. (Medical Electronics) is also eligible)
Lateral Entry,b com lateral entry,"50% in Diploma (Mgt./Commerce/Economics) 
(3 yrs after 10th) OR (2 yr / 1 yr after 10+2)","50% in Diploma (Mgt./Commerce/Economics) and ELR 
(3 yrs after 10th) OR (2 yr / 1 yr after 10+2)",,,For Biomedical:- Diploma Electronic Engg. (Medical Electronics) is also eligible)
Lateral Entry,hotel management ans tourism,"50% in Diploma (Mgt./Commerce/Economics) 
(3 yrs after 10th) OR (2 yr / 1 yr after 10+2)","50% in Diploma (Mgt./Commerce/Economics) and ELR 
(3 yrs after 10th) OR (2 yr / 1 yr after 10+2)",,,For Biomedical:- Diploma Electronic Engg. (Medical Electronics) is also eligible)
Lateral Entry,b sc hotel and hospitality management lateral entry,"50% in Diploma (Hotel Mgt. or Equivalent )
(3 yrs after 10th ) or  (2 yr / 1 yr after 10+2)","50% in  Diploma (Hotel Mgt. or Equivalent) and ELR
(3 yrs after 10th )  OR  (2 yr / 1 yr after 10+2)",,,For Biomedical:- Diploma Electronic Engg. (Medical Electronics) is also eligible)
Lateral Entry,bhmct lateral entry,"50% in Diploma (Hotel Mgt. or Equivalent ) 
(3 yrs after 10th ) or  (2 yr / 1 yr after 10+2)","50% in  Diploma (Hotel Mgt. or Equivalent) and ELR
(3 yrs after 10th )  OR  (2 yr / 1 yr after 10+2)",,,For Biomedical:- Diploma Electronic Engg. (Medical Electronics) is also eligible)
Lateral Entry,b sc airlines tourism and hospitality lateral entry,"50% in Diploma (Airlines or Tourism &Hospitality ) 
(3 yrs after 10th ) or  (2 yr / 1 yr after 10+2)","50% in   Diploma (Airlines or Tourism) and ELR 
(3 yrs after 10th )  OR  (2 yr / 1 yr after 10+2)",,,For Biomedical:- Diploma Electronic Engg. (Medical Electronics) is also eligible)
Lateral Entry,interior and furniture design,"50% in Diploma (Airlines or Tourism &Hospitality ) 
(3 yrs after 10th ) or  (2 yr / 1 yr after 10+2)","50% in   Diploma (Airlines or Tourism) and ELR 
(3 yrs after 10th )  OR  (2 yr / 1 yr after 10+2)",,,For Biomedical:- Diploma Electronic Engg. (Medical Electronics) is also eligible)
Lateral Entry,b sc interior and furniture design lateral entry,"50% in Diploma (Interior / Arch / Civil) 
(3 yrs after 10th)  or ( 2 yrs/1 Yr after 10+2)","50% in Diploma (Interior / Arch / Civil) and ELR 
(3 yrs after 10th)  or ( 2 yrs/1 Yr after 10+2)",,,For Biomedical:- Diploma Electronic Engg. (Medical Electronics) is also eligible)
Lateral Entry,b design interior and furniture lateral entry,"50% in Diploma (Interior / Arch / Civil) 
(3 yrs after 10th)  or ( 2 yrs/1 Yr after 10+2)","50% in Diploma (Interior / Arch / Civil) and ELR 
(3 yrs after 10th)  or ( 2 yrs/1 Yr after 10+2)",,,For Biomedical:- Diploma Electronic Engg. (Medical Electronics) is also eligible)
Lateral Entry,product and industrial design,"50% in Diploma (Interior / Arch / Civil) 
(3 yrs after 10th)  or ( 2 yrs/1 Yr after 10+2)","50% in Diploma (Interior / Arch / Civil) and ELR 
(3 yrs after 10th)  or ( 2 yrs/1 Yr after 10+2)",,,For Biomedical:- Diploma Electronic Engg. (Medical Electronics) is also eligible)
Lateral Entry,b design product and industrial lateral entry,"50% in Diploma (Interior / Arch / Civil)/ CSE )
(3 yrs after 10th)  or ( 2 yrs/1 Yr after 10+2)","50% in Diploma (Interior / Arch / Civil/ CSE) and ELR 
(3 yrs after 10th)  or( 2 yrs/1 Yr after 10+2)",,,Diploma (Mechanical )3 Years
Lateral Entry,interaction design ui ux,"50% in Diploma (Interior / Arch / Civil)/ CSE )
(3 yrs after 10th)  or ( 2 yrs/1 Yr after 10+2)","50% in Diploma (Interior / Arch / Civil/ CSE) and ELR 
(3 yrs after 10th)  or( 2 yrs/1 Yr after 10+2)",,,Diploma (Mechanical )3 Years
Lateral Entry,b design ui ux lateral entry,"50% in Diploma (Interior / Arch / Civil/ CSE + Engg. streams )
(3 Yrs after 10th)  or ( 2 Yrs/1 Yr after 10+2)","50% in Diploma (Interior / Arch / Civil/ CSE + Engg. streams ) and ELR
(3 Yrs after 10th)  or ( 2 Yrs/1 Yr after 10+2)",,,Diploma (Mechanical )3 Years
Lateral Entry,fashion design,"50% in Diploma (Interior / Arch / Civil/ CSE + Engg. streams )
(3 Yrs after 10th)  or ( 2 Yrs/1 Yr after 10+2)","50% in Diploma (Interior / Arch / Civil/ CSE + Engg. streams ) and ELR
(3 Yrs after 10th)  or ( 2 Yrs/1 Yr after 10+2)",,,Diploma (Mechanical )3 Years
Lateral Entry,b sc fashion design lateral entry,"50% in Diploma (Fashion/ Garment Technology)
(3 yrs after 10th ) or (2 yr / 1 yr after 10+2)","50% in Diploma (Fashion/  Garment Technology)  and ELR 
(3 yrs after 10th ) or (2 yr / 1 yr after 10+2)",,,Diploma (Mechanical )3 Years
Lateral Entry,b design fashion lateral entry,"50% in Diploma (Fashion/ Garment Technology)
(3 yrs after 10th ) or (2 yr / 1 yr after 10+2)","50% in Diploma (Fashion/  Garment Technology)  and ELR 
(3 yrs after 10th ) or (2 yr / 1 yr after 10+2)",,,Diploma (Mechanical )3 Years
Lateral Entry,pharmaceutical sciences,"50% in Diploma (Fashion/ Garment Technology)
(3 yrs after 10th ) or (2 yr / 1 yr after 10+2)","50% in Diploma (Fashion/  Garment Technology)  and ELR 
(3 yrs after 10th ) or (2 yr / 1 yr after 10+2)",,,Diploma (Mechanical )3 Years
Lateral Entry,b pharm lateral entry,"60% in D.Pharm. (2 yrs after 10+2)+ LPUNEST*
(Diploma should be Recognised By PCI)

*LPUNEST will be exempted if candidate scores 90% or more marks in the qualifying  exam.","50% in D.Pharm. (2 yrs after 10+2) and ELR 
(Diploma should be Recognised By PCI)",,,Diploma (Mechanical )3 Years
Lateral Entry,bpt lateral entry,"60% Marks in 
(3 Yr Dip (Physiotherapy) after 10th) or
(1 or 2 yrs Dip (Physiotherapy) after 10+2(Physics, Chemistry & Biology))","50% and ELR  in
(3 Yr Dip (Physiotherapy) after 10th )
OR
(1 or 2 yrs Dip (Physiotherapy) after 10+2(Physics, Chemistry & Biology) )",,,Diploma (Mechanical )3 Years
Lateral Entry,medical laboratory sciences,"60% Marks in 
(3 Yr Dip (Physiotherapy) after 10th) or
(1 or 2 yrs Dip (Physiotherapy) after 10+2(Physics, Chemistry & Biology))","50% and ELR  in
(3 Yr Dip (Physiotherapy) after 10th )
OR
(1 or 2 yrs Dip (Physiotherapy) after 10+2(Physics, Chemistry & Biology) )",,,Diploma (Mechanical )3 Years
Lateral Entry,b sc mlt lateral entry,"60% Marks in 
[(3 Yr Dip (MLT) after 10th) or
(3 Yr Dip (Nursing) after 10th) or (1 yr Dip (MLT) after 10+2(Med/NM)) or
(2 yr Dip (Pharmacy) after 10+2) ]","50% and ELR  in 
(3 Yr Dip (MLT) after 10th )
OR
(3 Yr Dip (Nursing) after 10th) 
OR
(1 yr Dip (MLT) after 10+2(Med/NM)) 
OR
(2 yr Dip (Pharmacy) after 10+2)",,,Diploma (Mechanical )3 Years
Lateral Entry,b sc optometry lateral entry,"60% marks in (2 yr Diploma in Optometry/ vision technician/ophthalmic assistant after 10 +2) with  
60% marks in physics, chemistry and biology/mathematics","50% marks in (2yr Diploma in Optometry/ vision technician/ophthalmic assistant after 10 +2) with 
50% marks in physics, chemistry and biology/mathematics and ELR",,,Diploma (Mechanical )3 Years
Lateral Entry,b sc anaesthesia and operation theatre technology lateral entry,"60% marks in (2 yr Diploma in Operation Theatre Technology after 10 +2) with
60% marks in physics, chemistry and biology/mathematics","50% marks in (2yr Diploma in Operation Theatre Technology after 10 +2) with
50% marks in physics, chemistry and biology/mathematics and ELR",,,Diploma (Mechanical )3 Years
Lateral Entry,b sc medical radiology and imaging technology lateral entry,"60% marks in (2 Yr Diploma in Medical Imaging Technology/Radiography after 10+2 with Physics, Chemistry and Biology)","50% marks in (2 Yr Diploma in Medical Imaging Technology/Radiography after 10+2 with Physics, Chemistry and Biology) and ELR",,,Diploma (Mechanical )3 Years
Lateral Entry,b sc cardiovascular technology lateral entry,60% maks in (2 Yr Diploma in Cardiac Care Technology after 10+2),50% maks in (2 Yr Diploma in Cardiac Care Technology after 10+2) and ELR,,,Diploma (Mechanical )3 Years
After Graduation,mba 2yrs,"55% + LPUNEST/CAT/MAT/XAT/CMAT/ CUET + Video Essay + Interview
or
Completed Company Secretary (CS) from Institute of Company Secretaries of India (ICSI) + Video Essay + Interview
or
Completed  Chartered Accountancy (CA) from Institute of Chartered Accountants of India (ICAI) + Video Essay + Interview
or
Completed Cost & Management Accountancy (CMA) from Institute of Cost Accountants of India (ICAI) + Video Essay + Interview","50% and  ELR
or
Completed Company Secretary (CS) from Institute of Company Secretaries of India (ICSI) and ELR
or
Completed  Chartered Accountancy (CA) from Institute of Chartered Accountants of India (ICAI) and ELR
or
Completed Cost & Management Accountancy (CMA) from Institute of Cost Accountants of India (ICAI) and ELR","5% to North East states and Sikkim candidates / Defence Personnel and their Dependents*/Wards of Kashmiri Migrants.

* Not applicable for Tie-up programmes",,
After Graduation,mba financial markets,"55% + LPUNEST/CAT/MAT/XAT/CMAT/ CUET + Video Essay + Interview
or
Completed Company Secretary (CS) from Institute of Company Secretaries of India (ICSI) + Video Essay + Interview
or
Completed  Chartered Accountancy (CA) from Institute of Chartered Accountants of India (ICAI) + Video Essay + Interview
or
Completed Cost & Management Accountancy (CMA) from Institute of Cost Accountants of India (ICAI) + Video Essay + Interview","50% and  ELR
or
Completed Company Secretary (CS) from Institute of Company Secretaries of India (ICSI) and ELR
or
Completed  Chartered Accountancy (CA) from Institute of Chartered Accountants of India (ICAI) and ELR
or
Completed Cost & Management Accountancy (CMA) from Institute of Cost Accountants of India (ICAI) and ELR","5% to North East states and Sikkim candidates / Defence Personnel and their Dependents*/Wards of Kashmiri Migrants.

* Not applicable for Tie-up programmes",,
After Graduation,mba supply chain and logistics,"55% + LPUNEST/CAT/MAT/XAT/CMAT/ CUET + Video Essay + Interview
or
Completed Company Secretary (CS) from Institute of Company Secretaries of India (ICSI) + Video Essay + Interview
or
Completed  Chartered Accountancy (CA) from Institute of Chartered Accountants of India (ICAI) + Video Essay + Interview
or
Completed Cost & Management Accountancy (CMA) from Institute of Cost Accountants of India (ICAI) + Video Essay + Interview","50% and  ELR
or
Completed Company Secretary (CS) from Institute of Company Secretaries of India (ICSI) and ELR
or
Completed  Chartered Accountancy (CA) from Institute of Chartered Accountants of India (ICAI) and ELR
or
Completed Cost & Management Accountancy (CMA) from Institute of Cost Accountants of India (ICAI) and ELR","5% to North East states and Sikkim candidates / Defence Personnel and their Dependents*/Wards of Kashmiri Migrants.

* Not applicable for Tie-up programmes",,
After Graduation,mba international business,"55% + LPUNEST/CAT/MAT/XAT/CMAT/ CUET + Video Essay + Interview
or
Completed Company Secretary (CS) from Institute of Company Secretaries of India (ICSI) + Video Essay + Interview
or
Completed  Chartered Accountancy (CA) from Institute of Chartered Accountants of India (ICAI) + Video Essay + Interview
or
Completed Cost & Management Accountancy (CMA) from Institute of Cost Accountants of India (ICAI) + Video Essay + Interview","50% and  ELR
or
Completed Company Secretary (CS) from Institute of Company Secretaries of India (ICSI) and ELR
or
Completed  Chartered Accountancy (CA) from Institute of Chartered Accountants of India (ICAI) and ELR
or
Completed Cost & Management Accountancy (CMA) from Institute of Cost Accountants of India (ICAI) and ELR","5% to North East states and Sikkim candidates / Defence Personnel and their Dependents*/Wards of Kashmiri Migrants.

* Not applicable for Tie-up programmes",,
After Graduation,mba hospital and healthcare management,"55% + LPUNEST/CAT/MAT/XAT/CMAT/ CUET + Video Essay + Interview
or
Completed Company Secretary (CS) from Institute of Company Secretaries of India (ICSI) + Video Essay + Interview
or
Completed  Chartered Accountancy (CA) from Institute of Chartered Accountants of India (ICAI) + Video Essay + Interview
or
Completed Cost & Management Accountancy (CMA) from Institute of Cost Accountants of India (ICAI) + Video Essay + Interview","50% and  ELR
or
Completed Company Secretary (CS) from Institute of Company Secretaries of India (ICSI) and ELR
or
Completed  Chartered Accountancy (CA) from Institute of Chartered Accountants of India (ICAI) and ELR
or
Completed Cost & Management Accountancy (CMA) from Institute of Cost Accountants of India (ICAI) and ELR","5% to North East states and Sikkim candidates / Defence Personnel and their Dependents*/Wards of Kashmiri Migrants.

* Not applicable for Tie-up programmes",,
After Graduation,mba digital and social media marketing,"55% + LPUNEST/CAT/MAT/XAT/CMAT/ CUET + Video Essay + Interview
or
Completed Company Secretary (CS) from Institute of Company Secretaries of India (ICSI) + Video Essay + Interview
or
Completed  Chartered Accountancy (CA) from Institute of Chartered Accountants of India (ICAI) + Video Essay + Interview
or
Completed Cost & Management Accountancy (CMA) from Institute of Cost Accountants of India (ICAI) + Video Essay + Interview","50% and  ELR
or
Completed Company Secretary (CS) from Institute of Company Secretaries of India (ICSI) and ELR
or
Completed  Chartered Accountancy (CA) from Institute of Chartered Accountants of India (ICAI) and ELR
or
Completed Cost & Management Accountancy (CMA) from Institute of Cost Accountants of India (ICAI) and ELR","5% to North East states and Sikkim candidates / Defence Personnel and their Dependents*/Wards of Kashmiri Migrants.

* Not applicable for Tie-up programmes",,
After Graduation,mba tourism aviation and hospitality,"55% + LPUNEST/CAT/MAT/XAT/CMAT/ CUET + Video Essay + Interview
or
Completed Company Secretary (CS) from Institute of Company Secretaries of India (ICSI) + Video Essay + Interview
or
Completed  Chartered Accountancy (CA) from Institute of Chartered Accountants of India (ICAI) + Video Essay + Interview
or
Completed Cost & Management Accountancy (CMA) from Institute of Cost Accountants of India (ICAI) + Video Essay + Interview","50% and  ELR
or
Completed Company Secretary (CS) from Institute of Company Secretaries of India (ICSI) and ELR
or
Completed  Chartered Accountancy (CA) from Institute of Chartered Accountants of India (ICAI) and ELR
or
Completed Cost & Management Accountancy (CMA) from Institute of Cost Accountants of India (ICAI) and ELR","5% to North East states and Sikkim candidates / Defence Personnel and their Dependents*/Wards of Kashmiri Migrants.

* Not applicable for Tie-up programmes",,
After Graduation,mba fintech and artificial intelligence,"55% + LPUNEST/CAT/MAT/XAT/CMAT/ CUET + Video Essay + Interview
or
Completed Company Secretary (CS) from Institute of Company Secretaries of India (ICSI) + Video Essay + Interview
or
Completed  Chartered Accountancy (CA) from Institute of Chartered Accountants of India (ICAI) + Video Essay + Interview
or
Completed Cost & Management Accountancy (CMA) from Institute of Cost Accountants of India (ICAI) + Video Essay + Interview","50% and  ELR
or
Completed Company Secretary (CS) from Institute of Company Secretaries of India (ICSI) and ELR
or
Completed  Chartered Accountancy (CA) from Institute of Chartered Accountants of India (ICAI) and ELR
or
Completed Cost & Management Accountancy (CMA) from Institute of Cost Accountants of India (ICAI) and ELR","5% to North East states and Sikkim candidates / Defence Personnel and their Dependents*/Wards of Kashmiri Migrants.

* Not applicable for Tie-up programmes",,
After Graduation,mba 1 1 with international credit transfer option,"55% + LPUNEST/CAT/MAT/XAT/CMAT/ CUET + Video Essay + Interview
or
Completed Company Secretary (CS) from Institute of Company Secretaries of India (ICSI) + Video Essay + Interview
or
Completed  Chartered Accountancy (CA) from Institute of Chartered Accountants of India (ICAI) + Video Essay + Interview
or
Completed Cost & Management Accountancy (CMA) from Institute of Cost Accountants of India (ICAI) + Video Essay + Interview","50% and ELR
or
Completed Company Secretary (CS) from Institute of Company Secretaries of India (ICSI) and ELR
or
Completed  Chartered Accountancy (CA) from Institute of Chartered Accountants of India (ICAI) and ELR
o
Completed Cost & Management Accountancy (CMA) from Institute of Cost Accountants of India (ICAI) and ELR",5% to North East states and Sikkim candidates / Defence Personnel and their Dependents/Wards of Kashmiri Migrants.,,
After Graduation,mba business analytics,"55% in B.Tech./  BE (any discipline)/ B.Sc (NM)/  B.Sc (Maths)/  BA (Economics/Math/ Statistics)/  B.Com. /  BBA / BCA   + LPUNEST/CAT/MAT/XAT/CMAT/ CUET + Video Essay + Interview
or
Completed Company Secretary (CS) from Institute of Company Secretaries of India (ICSI)  + Video Essay + Interview
or
Completed  Chartered Accountancy (CA) from Institute of Chartered Accountants of India (ICAI) + Video Essay +  Interview
or
Completed Cost & Management Accountancy (CMA) from Institute of Cost Accountants of India (ICAI) + Video Essay +  Interview","50% in B.Tech / BE (any discipline)/ B.Sc (NM)/  B.Sc (Maths)/ BA (Economics/Math/ Statistics)/ B.Com. / BBA / BCA and ELR
or
Completed Company Secretary (CS) from Institute of Company Secretaries of India (ICSI) and ELR
or
Completed  Chartered Accountancy (CA) from Institute of Chartered Accountants of India (ICAI) and  ELR
or
Completed Cost & Management Accountancy (CMA) from Institute of Cost Accountants of India (ICAI) and ELR","5% to North East states and Sikkim candidates / Defence Personnel and their Dependents*/ Wards of Kashmiri Migrants

* Not applicable for Tie-up programmes",,
After Graduation,mba data science and artificial intelligence,"55% in B.Tech./  BE (any discipline)/ B.Sc (NM)/  B.Sc (Maths)/  BA (Economics/Math/ Statistics)/  B.Com. /  BBA / BCA   + LPUNEST/CAT/MAT/XAT/CMAT/ CUET + Video Essay + Interview
or
Completed Company Secretary (CS) from Institute of Company Secretaries of India (ICSI)  + Video Essay + Interview
or
Completed  Chartered Accountancy (CA) from Institute of Chartered Accountants of India (ICAI) + Video Essay +  Interview
or
Completed Cost & Management Accountancy (CMA) from Institute of Cost Accountants of India (ICAI) + Video Essay +  Interview","50% in B.Tech / BE (any discipline)/ B.Sc (NM)/  B.Sc (Maths)/ BA (Economics/Math/ Statistics)/ B.Com. / BBA / BCA and ELR
or
Completed Company Secretary (CS) from Institute of Company Secretaries of India (ICSI) and ELR
or
Completed  Chartered Accountancy (CA) from Institute of Chartered Accountants of India (ICAI) and  ELR
or
Completed Cost & Management Accountancy (CMA) from Institute of Cost Accountants of India (ICAI) and ELR","5% to North East states and Sikkim candidates / Defence Personnel and their Dependents*/ Wards of Kashmiri Migrants

* Not applicable for Tie-up programmes",,
After Graduation,m com,50% (Bachelor's degree with Commerce/ Management/ Economics/ Accounts),"50% (Bachelor's degree and 
Commerce / Management / Economics / Accounts)  and ELR",5% to North East states and Sikkim candidates / Defence Personnel and their Dependents/Wards of Kashmiri Migrants,,
After Graduation,m sc economics,50% (Any Stream ),50% and ELR,5% to North East states and Sikkim candidates / Defence Personnel and their Dependents/Wards of Kashmiri Migrants.,,
After Graduation,m a economics,50% (Any Stream ),50% and ELR,5% to North East states and Sikkim candidates / Defence Personnel and their Dependents/Wards of Kashmiri Migrants.,,
After Graduation,ll b,50% (Any Stream ),50% (Any Stream ) and ELR,"1. ) 5% to SC/ST and  3% to OBC
2.)  5% to North East states and Sikkim candidates / Defence Personnel and their Dependents/Wards of Kashmiri Migrants
Note:- In case of both only one relaxation is to be given",,
After Graduation,ll m,50% in LL.B.,50% in LL.B.+  ELR,5% to North East states and Sikkim candidates / Defence Personnel and their Dependents/Wards of Kashmiri Migrants,Test structure for Indian and International applicants will be different,
After Graduation,interior and furniture design,50% in LL.B.,50% in LL.B.+  ELR,5% to North East states and Sikkim candidates / Defence Personnel and their Dependents/Wards of Kashmiri Migrants,Test structure for Indian and International applicants will be different,
After Graduation,m sc interior and furniture design,0.5,50% and ELR,5% to North East states and Sikkim candidates / Defence Personnel and their Dependents/Wards of Kashmiri Migrants,Test structure for Indian and International applicants will be different,
After Graduation,m design interior and furniture,50%  in  4 Years Bachelor Degree with Design/ Fine Arts/ Applied Arts or B.Arch. or B.Plan. or B.Construction Management or B.Tech. (Any Stream)] or allied fields}],50%   in  4 Years Bachelor Degree with Design/ Fine Arts/ Applied Arts or B.Arch. or B.Plan. or B.Construction Management or B.Tech. (Any Stream)] or allied fields}] and ELR,5% to North East states and Sikkim candidates / Defence Personnel and their Dependents/Wards of Kashmiri Migrants,Test structure for Indian and International applicants will be different,
After Graduation,interaction design ui ux,50%  in  4 Years Bachelor Degree with Design/ Fine Arts/ Applied Arts or B.Arch. or B.Plan. or B.Construction Management or B.Tech. (Any Stream)] or allied fields}],50%   in  4 Years Bachelor Degree with Design/ Fine Arts/ Applied Arts or B.Arch. or B.Plan. or B.Construction Management or B.Tech. (Any Stream)] or allied fields}] and ELR,5% to North East states and Sikkim candidates / Defence Personnel and their Dependents/Wards of Kashmiri Migrants,Test structure for Indian and International applicants will be different,
After Graduation,m sc ui ux design,0.5,50%  and ELR,5% to North East states and Sikkim candidates / Defence Personnel and their Dependents/Wards of Kashmiri Migrants,Test structure for Indian and International applicants will be different,
After Graduation,fashion design,0.5,50%  and ELR,5% to North East states and Sikkim candidates / Defence Personnel and their Dependents/Wards of Kashmiri Migrants,Test structure for Indian and International applicants will be different,
After Graduation,m sc fashion design,0.5,50%  and ELR,5% to North East states and Sikkim candidates / Defence Personnel and their Dependents/Wards of Kashmiri Migrants,Test structure for Indian and International applicants will be different,
After Graduation,master of fashion management mfm,0.5,50%  and ELR,5% to North East states and Sikkim candidates / Defence Personnel and their Dependents/Wards of Kashmiri Migrants,Test structure for Indian and International applicants will be different,
After Graduation,multimedia and animation,0.5,50%  and ELR,5% to North East states and Sikkim candidates / Defence Personnel and their Dependents/Wards of Kashmiri Migrants,Test structure for Indian and International applicants will be different,
After Graduation,m sc animation and vfx design,0.5,50%  and ELR,5% to North East states and Sikkim candidates / Defence Personnel and their Dependents/Wards of Kashmiri Migrants,Test structure for Indian and International applicants will be different,
After Graduation,master of fine arts mfa,50% in  BFA or any 4 Year Graduation (and subject of Fine Arts like drawing or  Painting or equivalent),50% in  BFA or any 4 Year Graduation (and subject of Fine Arts like drawing or  Painting or equivalent) and ELR,5% to North East states and Sikkim candidates / Defence Personnel and their Dependents/Wards of Kashmiri Migrants,Test structure for Indian and International applicants will be different,
After Graduation,journalism and film production,50% in  BFA or any 4 Year Graduation (and subject of Fine Arts like drawing or  Painting or equivalent),50% in  BFA or any 4 Year Graduation (and subject of Fine Arts like drawing or  Painting or equivalent) and ELR,5% to North East states and Sikkim candidates / Defence Personnel and their Dependents/Wards of Kashmiri Migrants,Test structure for Indian and International applicants will be different,
After Graduation,m a journalism and mass communication,0.5,50% and ELR,5% to North East states and Sikkim candidates / Defence Personnel and their Dependents/Wards of Kashmiri Migrants,Test structure for Indian and International applicants will be different,
After Graduation,m sc film and tv production,0.5,50% and ELR,5% to North East states and Sikkim candidates / Defence Personnel and their Dependents/Wards of Kashmiri Migrants,Test structure for Indian and International applicants will be different,
After Graduation,performing arts,0.5,50% and ELR,5% to North East states and Sikkim candidates / Defence Personnel and their Dependents/Wards of Kashmiri Migrants,Test structure for Indian and International applicants will be different,
After Graduation,master of performing arts mpa,Pass,50% and ELR,5% to North East states and Sikkim candidates / Defence Personnel and their Dependents/Wards of Kashmiri Migrants,Test structure for Indian and International applicants will be different,
After Graduation,m a psychology,0.5,50% and ELR,5% to North East states and Sikkim candidates / Defence Personnel and their Dependents/Wards of Kashmiri Migrants,Test structure for Indian and International applicants will be different,
After Graduation,m a applied psychology,"50% in Graduation(with Pyschology) 
OR
50% in Graduation any discipline with Psychology as a one of  Subject","50% in Graduation(with Pyschology) and ELR
OR
50% in  Graduation any discipline with Psychology as a one of  Subject and ELR",5% to North East states and Sikkim candidates / Defence Personnel and their Dependents/Wards of Kashmiri Migrants,Test structure for Indian and International applicants will be different,MBBS
After Graduation,m a counselling psychology,"50% in Graduation(with Pyschology) 
OR
50% in Graduation any discipline with Psychology as a one of  Subject","50% in Graduation(with Pyschology) and ELR
OR
50% in  Graduation any discipline with Psychology as a one of  Subject and ELR",5% to North East states and Sikkim candidates / Defence Personnel and their Dependents/Wards of Kashmiri Migrants,Test structure for Indian and International applicants will be different,MBBS
After Graduation,m sc forensic psychology,50% in Graduation(with Pyschology/Science Subjects),50% in Graduation(with Pyschology/Sicence Subjects) and ELR,5% to North East states and Sikkim candidates / Defence Personnel and their Dependents/Wards of Kashmiri Migrants,Test structure for Indian and International applicants will be different,MBBS
After Graduation,master in clinical psychology m clin psy,"55% in 4 Years Bachelor Degree with Psychology in BA/ B.Sc + LPUNEST + Interview
Or
3 years Graduation in Psychology must have completed a bridge course or  first year of Masters in Psychology with 55% + LPUNEST + Interview","55% in 4 Years Bachelor Degree with Psychology in BA/ B.Sc + LPUIST + Interview and ELR
Or
3 years Graduation in Psychology must have complete a bridge course or  first year of Masters in Psychology with 55% + LPUIST + Interview and ELR",1. ) 5% to SC/ST,The weightage of entrance test shall be 70% whereas the interview will be of 30%,MBBS
After Graduation,m a history,Pass,50% and ELR,1. ) 5% to SC/ST,The weightage of entrance test shall be 70% whereas the interview will be of 30%,MBBS
After Graduation,m a sociology,0.5,50% and ELR,5% to North East states and Sikkim candidates / Defence Personnel and their Dependents/Wards of Kashmiri Migrants,The weightage of entrance test shall be 70% whereas the interview will be of 30%,MBBS
After Graduation,master of social work msw,0.5,50% and ELR,5% to North East states and Sikkim candidates / Defence Personnel and their Dependents/Wards of Kashmiri Migrants,The weightage of entrance test shall be 70% whereas the interview will be of 30%,MBBS
After Graduation,m a political science,0.5,50% and ELR,5% to North East states and Sikkim candidates / Defence Personnel and their Dependents/Wards of Kashmiri Migrants,The weightage of entrance test shall be 70% whereas the interview will be of 30%,MBBS
After Graduation,governance and public policy,0.5,50% and ELR,5% to North East states and Sikkim candidates / Defence Personnel and their Dependents/Wards of Kashmiri Migrants,The weightage of entrance test shall be 70% whereas the interview will be of 30%,MBBS
After Graduation,m sc public policy,0.5,50% and ELR,5% to North East states and Sikkim candidates / Defence Personnel and their Dependents/Wards of Kashmiri Migrants,The weightage of entrance test shall be 70% whereas the interview will be of 30%,MBBS
After Graduation,m sc geography,0.5,50% and  ELR,5% to North East states and Sikkim candidates / Defence Personnel and their Dependents/Wards of Kashmiri Migrants,The weightage of entrance test shall be 70% whereas the interview will be of 30%,MBBS
After Graduation,english and foreign languages,0.5,50% and  ELR,5% to North East states and Sikkim candidates / Defence Personnel and their Dependents/Wards of Kashmiri Migrants,The weightage of entrance test shall be 70% whereas the interview will be of 30%,MBBS
After Graduation,m a english,0.5,50% and ELR,5% to North East states and Sikkim candidates / Defence Personnel and their Dependents/Wards of Kashmiri Migrants,The weightage of entrance test shall be 70% whereas the interview will be of 30%,MBBS
After Graduation,library sciences,0.5,50% and ELR,5% to North East states and Sikkim candidates / Defence Personnel and their Dependents/Wards of Kashmiri Migrants,The weightage of entrance test shall be 70% whereas the interview will be of 30%,MBBS
After Graduation,bachelors of library and information sciences b lib i sc,0.5,50% and ELR,5% to North East states and Sikkim candidates / Defence Personnel and their Dependents/Wards of Kashmiri Migrants,The weightage of entrance test shall be 70% whereas the interview will be of 30%,MBBS
After Graduation,masters of library and information sciences m lib i sc,50% in B.Lib.,50%  in B.Lib. wth ELR,5% to North East states and Sikkim candidates / Defence Personnel and their Dependents/Wards of Kashmiri Migrants,The weightage of entrance test shall be 70% whereas the interview will be of 30%,MBBS
After Graduation,b ed,"50% marks either in the Bachelor's Degree/ Master's
Degree in Sciences/Social Sciences/ Humanity/Commerce 
 OR
55% in B.Tech/B.E with
specialization in Science and Mathematics

OR                                                                                                                              
Any Other Qualification equivalent thereto

(Candidate must have studied the  subject of the subject combination for at least three years at Bachelor’s Level / 2 Years at Master’s Level)","50% marks either in the Bachelor's Degree/ Master's
Degree in Sciences/Social Sciences/ Humanity/Commerce and ELR
 OR
55% in B.Tech/B.E and
specialization in Science and Mathematics and ELR
OR                                                                                                                              
Any Other Qualification equivalent thereto 
(Candidate must have studied the  subject of the subject combination for at least three years at Bachelor’s Level / 2 Years at Master’s Level)",5% to SC/ST/BC,5% relaxation  to NE and Sikkim states candidates  is not  applicable for B.ed,MBBS
After Graduation,m a education,0.5,50% and ELR,5% to North East states and Sikkim candidates / Defence Personnel and their Dependents/Wards of Kashmiri Migrants,5% relaxation  to NE and Sikkim states candidates  is not  applicable for B.ed,MBBS
After Graduation,physical education,0.5,50% and ELR,5% to North East states and Sikkim candidates / Defence Personnel and their Dependents/Wards of Kashmiri Migrants,5% relaxation  to NE and Sikkim states candidates  is not  applicable for B.ed,MBBS
After Graduation,b p ed,"50% marks with Bachelor's degree in any discipline  and having at least participation in the InterCollege/Inter-Zonal/ District/ School competition in sports and games as recognized by the AIU/IOA/SGFI/Govt. of India + PET
 Or
45% marks with Bachelor's degree in physical education    + PET
 Or
45% marks withBachelor's degree in any discipline  and studied physical education as compulsory / elective subject   + PET
 Or
45% marks with  Bachelor’s degree with  and having participated in National/ Inter University/ Statecompetitions or secured 1st, 2nd or 3rd position in Inter College/ Inter-Zonal/ District/ School competition in sports and games as recognized by the AIU/IOA/SGFI/Govt. of India  + PET
 Or
 Bachelor’s degree with participation in international competitions or secured 1st, 2nd or 3rd position in National/ Inter-University competition in sports and games as recognized by respective federations/AIU/IOA/SGFI/Govt. of India  + PET
 Or
45% marks with Graduation  and at least three years of teaching experience (for deputed in-service candidates i.e. trained physical education teachers/ coaches)    + PET
Important Note:-
1. Medical  Fitness Certificate (as per university prescribed format) is Compulsory
2. 5% relaxation for SC/ BC  [Any one of the relaxations shall be applicable to candidates having achievements in sports","50% marks and Bachelor's degree in any discipline  and having at least participation in the InterCollege/Inter-Zonal/ District/ School competition in sports and games as recognized by the AIU/IOA/SGFI/Govt. of India  and ELR + PET
 Or
45% marks and Bachelor's degree in physical education  and ELR + PET
 Or
45% marks andBachelor's degree in any discipline  and studied physical education as compulsory / elective subject and ELR  + PET
 Or
45% marks and  Bachelor’s degree and  and having participated in National/ Inter University/ Statecompetitions or secured 1st, 2nd or 3rd position in Inter College/ Inter-Zonal/ District/ School competition in sports and games as recognized by the AIU/IOA/SGFI/Govt. of India  and ELR + PET
 Or
 Bachelor’s degree and participation in international competitions or secured 1st, 2nd or 3rd position in National/ Inter-University competition in sports and games as recognized by respective federations/AIU/IOA/SGFI/Govt. of India  and ELR  + PET
 Or
45% marks and Graduation  and at least three years of teaching experience (for deputed in-service candidates i.e. trained physical education teachers/ coaches)   and ELR  + PET
Note:-Medical  Fitness Certificate (as per university prescribed format) is Compulsory",5% to SC/ST/OBC (Any one of the relaxations shall be applicable to candidates having achievements in sports),"1.    5% relaxation  to NE and Sikkim states candidates  is not  applicable for B.P.Ed. 
2.Medical  Fitness Certificate Compulsory",MBBS
After Graduation,m p ed,"50% Marks with Bachelor of Physical Education (B.P.Ed.) or equivalent  + PET
 OR
50% Marks with  Bachelor of Science (B.Sc.) in Health and Physical Education + PET

Note:-Medical  Fitness Certificate (as per university prescribed format) is Compulsory","50% Marks and Bachelor of Physical Education (B.P.Ed.) or equivalent and ELR + PET
 OR
50% Marks and  Bachelor of Science (B.Sc.) in Health and Physical Education  and ELR + PET
Note:-Medical  Fitness Certificate (as per university prescribed format) is Compulsory",5% to SC/ST/OBC,"1.   5% relaxation  to NE and Sikkim states candidates  is not  applicable for M.P.Ed. 
2.Medical  Fitness Certificate Compulsory",MBBS
After Graduation,m a punjabi hindi,Pass,50% and ELR,5% to SC/ST/OBC,"1.   5% relaxation  to NE and Sikkim states candidates  is not  applicable for M.P.Ed. 
2.Medical  Fitness Certificate Compulsory",MBBS
After Graduation,m tech vlsi design,"55% (B.Tech. ECE/EEE/Electronics Engineering/  Electronics & Instrumentation/ Instrumentation and Control/ Instrumentation Engineering/ Telecommunication/ CSE/ IT/ Nanotechnology ) or M.Sc. (Physics with Electronics/  Material Science/  Nanotechnology/  Computer Science as specialisation)) + LPUNEST*/GATE/ CUET

*LPUNEST will be exempted if candidate scores 80% or more marks in the qualifying  exam.",50% (B.Tech. ECE/EEE/Electronics Engineering/  Electronics & Instrumentation/ Instrumentation and Control/ Instrumentation Engineering/ Telecommunication/ CSE/ IT/ Nanotechnology ) or M.Sc. (Physics with Electronics/  Material Science/  Nanotechnology/  Computer Science as specialisation)) and ELR,5% to North East states and Sikkim candidates / Defence Personnel and their Dependents/Wards of Kashmiri Migrants,"1.   5% relaxation  to NE and Sikkim states candidates  is not  applicable for M.P.Ed. 
2.Medical  Fitness Certificate Compulsory",MBBS
After Graduation,m tech robotics and artificial intelligence,"55% (B.Tech. ECE/EEE/Electronics Engineering/  Electronics & Instrumentation/ Instrumentation and Control/ Instrumentation Engineering/ Telecommunication/ CSE/ IT/ Nanotechnology/ Mechatronics) or M.Sc. (Physics with Electronics/  Material Science/  Nanotechnology/  Computer Science as specialisation)) + LPUNEST*/GATE/ CUET

*LPUNEST will be exempted if candidate scores 80% or more marks in the qualifying  exam.",50% (B.Tech. ECE/EEE/Electronics Engineering/  Electronics & Instrumentation/ Instrumentation and Control/ Instrumentation Engineering/ Telecommunication/ CSE/ IT/ Nanotechnology/ Mechatronics ) or M.Sc. (Physics with Electronics/  Material Science/  Nanotechnology/  Computer Science as specialisation)) and ELR,5% to North East states and Sikkim candidates / Defence Personnel and their Dependents/Wards of Kashmiri Migrants,"1.   5% relaxation  to NE and Sikkim states candidates  is not  applicable for M.P.Ed. 
2.Medical  Fitness Certificate Compulsory",MBBS
After Graduation,m tech computer science and engineering,"55% [ B.Tech. CSE/ ECE/EEE/ IT or  MCA/ MSc (IT/ Computer Science) ] + LPUNEST*/ GATE/ CUET

*LPUNEST will be exempted if candidate scores 80% or more marks in the qualifying  exam.","50% [ B.Tech. CSE/ ECE/EEE/ IT 
or  MCA/ MSc (IT/ Computer Science) ]  and  ELR",5% to North East states and Sikkim candidates / Defence Personnel and their Dependents/Wards of Kashmiri Migrants,"1.   5% relaxation  to NE and Sikkim states candidates  is not  applicable for M.P.Ed. 
2.Medical  Fitness Certificate Compulsory",MBBS
After Graduation,m tech computer science and engineering by research with international credit transfer option,"55% [(B.Tech. CSE/ ECE/EEE/ IT or  MCA/ MSc (IT/ Computer Science)] + LPUNEST*/ GATE/ CUET

*LPUNEST will be exempted if candidate scores 80% or more marks in the qualifying  exam.","50% [ B.Tech. CSE/ ECE/EEE/ IT 
or  MCA/ MSc (IT/ Computer Science) ]  and  ELR",5% to North East states and Sikkim candidates / Defence Personnel and their Dependents/Wards of Kashmiri Migrants,"1.   5% relaxation  to NE and Sikkim states candidates  is not  applicable for M.P.Ed. 
2.Medical  Fitness Certificate Compulsory",MBBS
After Graduation,m tech machine learning and artificial intelligence,"55% [(B.Tech. CSE/IT/ ECE/ Electrical/ Electronics/ EEE or MCA/ MSc (IT/ Computer Science)] + LPUNEST*/ GATE/ CUET

*LPUNEST will be exempted if candidate scores 80% or more marks in the qualifying  exam.",50%  [(B.Tech. CSE/IT/ ECE/ Electrical/ Electronics/ EEE or MCA/ MSc (IT/ Computer Science)]  and  ELR,5% to North East states and Sikkim candidates / Defence Personnel and their Dependents/Wards of Kashmiri Migrants,"1.   5% relaxation  to NE and Sikkim states candidates  is not  applicable for M.P.Ed. 
2.Medical  Fitness Certificate Compulsory",MBBS
After Graduation,m tech data science and analytics,"55% [ B.Tech. (any stream) or  MCA/ MSc (IT/ Computer Science) ]  + LPUNEST*/ GATE/ CUET

*LPUNEST will be exempted if candidate scores 80% or more marks in the qualifying  exam.","50% [ B.Tech.(any stream) or 
MCA /MSc (IT/ Computer Scince) ]  and  ELR",5% to North East states and Sikkim candidates / Defence Personnel and their Dependents/Wards of Kashmiri Migrants,"1.   5% relaxation  to NE and Sikkim states candidates  is not  applicable for M.P.Ed. 
2.Medical  Fitness Certificate Compulsory",MBBS
After Graduation,m tech information security and cyber forensics,"55% [ B.Tech. CSE/ ECE/EE/EEE/ IT or  MCA/ MSc (IT/ Computer Science) ] + LPUNEST*/ GATE/ CUET

*LPUNEST will be exempted if candidate scores 80% or more marks in the qualifying  exam.","50% [ B.Tech.CSE/ ECE/EE/EEE/ IT or 
MCA /MSc (IT/ Computer Scince) ]  and  ELR",5% to North East states and Sikkim candidates / Defence Personnel and their Dependents/Wards of Kashmiri Migrants,"1.   5% relaxation  to NE and Sikkim states candidates  is not  applicable for M.P.Ed. 
2.Medical  Fitness Certificate Compulsory",MBBS
After Graduation,m tech aeropsace engineering,"55% ( B.Tech in Aeronautical / Aerospace / Mechanical / AMAeSI  /ECE/EEE) + LPUNEST*/ GATE/ CUET

*LPUNEST will be exempted if candidate scores 80% or more marks in the qualifying  exam.",50% ( B.Tech in Aeronautical / Aerospace / Mechanical / AMAeSI  /ECE/EEE) and ELR,5% to North East states and Sikkim candidates / Defence Personnel and their Dependents/Wards of Kashmiri Migrants,"1.   5% relaxation  to NE and Sikkim states candidates  is not  applicable for M.P.Ed. 
2.Medical  Fitness Certificate Compulsory",MBBS
After Graduation,m tech structural engineering,"55% (B.Tech. Civil/  B.Arch. / B. Planning) + LPUNEST*/ GATE/ CUET

*LPUNEST will be exempted if candidate scores 80% or more marks in the qualifying  exam.",50% (B.Tech. Civil/ B.Arch. / B. Planning ) and ELR,5% to North East states and Sikkim candidates / Defence Personnel and their Dependents/Wards of Kashmiri Migrants,"1.   5% relaxation  to NE and Sikkim states candidates  is not  applicable for M.P.Ed. 
2.Medical  Fitness Certificate Compulsory",MBBS
After Graduation,m tech construction management,"55% (B.Tech. Civil/ B.Arch. / B. Planning) + LPUNEST*/ GATE/ CUET

*LPUNEST will be exempted if candidate scores 80% or more marks in the qualifying  exam.",50% (B.Tech. Civil/ B.Arch. / B. Planning ) and ELR,5% to North East states and Sikkim candidates / Defence Personnel and their Dependents/Wards of Kashmiri Migrants,"1.   5% relaxation  to NE and Sikkim states candidates  is not  applicable for M.P.Ed. 
2.Medical  Fitness Certificate Compulsory",MBBS
After Graduation,m tech biotechnology,"55% (B.Tech (Biotech, /Food Tech./ Chemical Engineering/Biomedical Engineering)  / B.Pharmacy / M.Sc. - BioSciences)+ LPUNEST*/ GATE/ CUET

*LPUNEST will be exempted if candidate scores 80% or more marks in the qualifying  exam.","50% (B.Tech (Biotech, /Food Tech./ Chemical Engineering/Biomedical Engineering) /  B.Pharmacy /Msc. - BioSciences) and  ELR",5% to North East states and Sikkim candidates / Defence Personnel and their Dependents/Wards of Kashmiri Migrants,"1.   5% relaxation  to NE and Sikkim states candidates  is not  applicable for M.P.Ed. 
2.Medical  Fitness Certificate Compulsory",MBBS
After Graduation,m tech biotechnology with international credit transfer option,"55% (B.Tech (Biotech, /Food Tech./ Chemical Engineering/Biomedical Engineering)  / B.Pharmacy / M. Sc. - BioSciences)+ LPUNEST*/ GATE/ CUET

*LPUNEST will be exempted if candidate scores 80% or more marks in the qualifying  exam.","50% (B.Tech (Biotech, /Food Tech./ Chemical Engineering/Biomedical Engineering) /  B.Pharmacy /Msc. - BioSciences) and  ELR",5% to North East states and Sikkim candidates / Defence Personnel and their Dependents/Wards of Kashmiri Migrants.,"1.   5% relaxation  to NE and Sikkim states candidates  is not  applicable for M.P.Ed. 
2.Medical  Fitness Certificate Compulsory",MBBS
After Graduation,m tech food technology,"55% (B. Tech. in  Food science and Technology/ Food Engineering/Processing and Food Engineering/ Dairy Technology / Agricultural Engineering/Biotech/ Chemical Engineering   OR M.Sc. Degree in  Food Science and Technology/ Dairy Technology) + LPUNEST*/GATE/ CUET

*LPUNEST will be exempted if candidate scores 80% or more marks in the qualifying  exam.",50%  (B. Tech. in  Food science and Technology/ Food Engineering/Processing and Food Engineering/ Dairy Technology / Agricultural Engineering/Biotech/ Chemical Engineering   OR M.Sc. Degree in  Food Science and Technology/ Dairy Technology) and ELR,5% to North East states and Sikkim candidates / Defence Personnel and their Dependents/Wards of Kashmiri Migrants,"1.   5% relaxation  to NE and Sikkim states candidates  is not  applicable for M.P.Ed. 
2.Medical  Fitness Certificate Compulsory",MBBS
After Graduation,m tech power systems,"55% (B.Tech.  EEE /Electrical Engineering/ Instrumentation Engineering/ Intrumentation & Control/ Electronics & Instrumentation) + LPUNEST*/ GATE/ CUET

*LPUNEST will be exempted if candidate scores 80% or more marks in the qualifying  exam.",50%  (B.Tech. EEE /Electrical Engineering/ Instrumentation Engineering/ Intrumentation & Control/ Electronics & Instrumentation)  and  ELR,5% to North East states and Sikkim candidates / Defence Personnel and their Dependents/Wards of Kashmiri Migrants,"1.   5% relaxation  to NE and Sikkim states candidates  is not  applicable for M.P.Ed. 
2.Medical  Fitness Certificate Compulsory",B.tech ECE/Telecom and M.Sc. Physics should not be allowed.
After Graduation,mca,"Pass with 55% in any graduation degree (B.E./ B.Tech./ B.Sc / B.Com. / B.A./ B. Voc./ BCA) with Mathematics at 10+2 level or at Graduation level + LPUNEST*/ CUET
(Students having no Mathematics background will have to do a compulsory bridge course, and an additional bridge course in case the student has not studied Computer as a subject in graduation.)

*LPUNEST will be exempted if candidate scores 80% or more marks in the qualifying  exam.","Pass with 50% in any graduation degree (B.E./ B.Tech./ B.Sc / B.Com. / B.A./ B. Voc./ BCA) with Mathematics at 10+2 level or at Graduation level and ELR (Students having no Mathematics background will have to do a compulsory bridge course, and an additional bridge course in case the student has not studied Computer as a subject in graduation.)","5% to North East states and Sikkim candidates / Defence Personnel and their Dependents*/Wards of Kashmiri Migrants

* Not applicable for Tie-up programmes","1.   5% relaxation  to NE and Sikkim states candidates  is not  applicable for M.P.Ed. 
2.Medical  Fitness Certificate Compulsory",B.tech ECE/Telecom and M.Sc. Physics should not be allowed.
After Graduation,mca hons data science,"Pass with 55% in any graduation degree (B.E./ B.Tech./ B.Sc / B.Com. / B.A./ B. Voc./ BCA) with Mathematics at 10+2 level or at Graduation level + LPUNEST*/ CUET
(Students having no Mathematics background will have to do a compulsory bridge course, and an additional bridge course in case the student has not studied Computer as a subject in graduation.)

*LPUNEST will be exempted if candidate scores 80% or more marks in the qualifying exam.","Pass with 55% in any graduation degree (B.E./ B.Tech./ B.Sc / B.Com. / B.A./ B. Voc./ BCA) with Mathematics at 10+2 level or at Graduation level and ELR (Students having no Mathematics background will have to do a compulsory bridge course, and an additional bridge course in case the student has not studied Computer as a subject in graduation.)","5% to North East states and Sikkim candidates / Defence Personnel and their Dependents*/Wards of Kashmiri Migrants

* Not applicable for Tie-up programmes","1.   5% relaxation  to NE and Sikkim states candidates  is not  applicable for M.P.Ed. 
2.Medical  Fitness Certificate Compulsory",B.tech ECE/Telecom and M.Sc. Physics should not be allowed.
After Graduation,mca hons artificial intelligence and machine learning,"Pass with 55% in any graduation degree (B.E./ B.Tech./ B.Sc / B.Com. / B.A./ B. Voc./ BCA) with Mathematics at 10+2 level or at Graduation level + LPUNEST*/ CUET
(Students having no Mathematics background will have to do a compulsory bridge course, and an additional bridge course in case the student has not studied Computer as a subject in graduation.)

*LPUNEST will be exempted if candidate scores 80% or more marks in the qualifying exam.","Pass with 55% in any graduation degree (B.E./ B.Tech./ B.Sc / B.Com. / B.A./ B. Voc./ BCA) with Mathematics at 10+2 level or at Graduation level and ELR (Students having no Mathematics background will have to do a compulsory bridge course, and an additional bridge course in case the student has not studied Computer as a subject in graduation.)","5% to North East states and Sikkim candidates / Defence Personnel and their Dependents*/Wards of Kashmiri Migrants

* Not applicable for Tie-up programmes","1.   5% relaxation  to NE and Sikkim states candidates  is not  applicable for M.P.Ed. 
2.Medical  Fitness Certificate Compulsory",B.tech ECE/Telecom and M.Sc. Physics should not be allowed.
After Graduation,mca hons cyber security,"Pass with 55% in any graduation degree (B.E./ B.Tech./ B.Sc / B.Com. / B.A./ B. Voc./ BCA) with Mathematics at 10+2 level or at Graduation level + LPUNEST*/ CUET
(Students having no Mathematics background will have to do a compulsory bridge course, and an additional bridge course in case the student has not studied Computer as a subject in graduation.)

*LPUNEST will be exempted if candidate scores 80% or more marks in the qualifying exam.","Pass with 55% in any graduation degree (B.E./ B.Tech./ B.Sc / B.Com. / B.A./ B. Voc./ BCA) with Mathematics at 10+2 level or at Graduation level and ELR (Students having no Mathematics background will have to do a compulsory bridge course, and an additional bridge course in case the student has not studied Computer as a subject in graduation.)","5% to North East states and Sikkim candidates / Defence Personnel and their Dependents*/Wards of Kashmiri Migrants

* Not applicable for Tie-up programmes","1.   5% relaxation  to NE and Sikkim states candidates  is not  applicable for M.P.Ed. 
2.Medical  Fitness Certificate Compulsory",B.tech ECE/Telecom and M.Sc. Physics should not be allowed.
After Graduation,m sc information technology,0.55,50% and ELR,"5% to North East states and Sikkim candidates / Defence Personnel and their Dependents*/Wards of Kashmiri Migrants

* Not applicable for Tie-up programmes","1.   5% relaxation  to NE and Sikkim states candidates  is not  applicable for M.P.Ed. 
2.Medical  Fitness Certificate Compulsory",B.tech ECE/Telecom and M.Sc. Physics should not be allowed.
After Graduation,m sc data science,55% in any graduation with (Computer Science/ Statistics/ Mathematics as one of the subject at Graduation or 10+2 level),50% in any graduation with (Computer Science/ Statistics/ Mathematics as one of the subject at Graduation or 10+2 level) and ELR,"5% to North East states and Sikkim candidates / Defence Personnel and their Dependents*/Wards of Kashmiri Migrants

* Not applicable for Tie-up programmes","1.   5% relaxation  to NE and Sikkim states candidates  is not  applicable for M.P.Ed. 
2.Medical  Fitness Certificate Compulsory",B.tech ECE/Telecom and M.Sc. Physics should not be allowed.
After Graduation,m sc agri agronomy,60% (B.Sc Agriculture/ B.Sc Agri.(Hons.) 4 Years) + LPUNEST/ CUET,60% (B.Sc Agriculture/ B.Sc Agri.(Hons.) 4 Years) and  ELR,"5% to North East states and Sikkim candidates / Defence Personnel and their Dependents*/Wards of Kashmiri Migrants

* Not applicable for Tie-up programmes","1.   5% relaxation  to NE and Sikkim states candidates  is not  applicable for M.P.Ed. 
2.Medical  Fitness Certificate Compulsory",B.tech ECE/Telecom and M.Sc. Physics should not be allowed.
After Graduation,m sc agri soil science,60% (B.Sc Agriculture/ B.Sc Agri.(Hons.) 4 Years) or equivalent + LPUNEST/ CUET,60% (B.Sc Agriculture/ B.Sc Agri.(Hons.) 4 Years) or equivalent and  ELR,"5% to North East states and Sikkim candidates / Defence Personnel and their Dependents*/Wards of Kashmiri Migrants

* Not applicable for Tie-up programmes","1.   5% relaxation  to NE and Sikkim states candidates  is not  applicable for M.P.Ed. 
2.Medical  Fitness Certificate Compulsory",B.tech ECE/Telecom and M.Sc. Physics should not be allowed.
After Graduation,m sc agri genetics and plant breeding,60% (B.Sc Agriculture/ B.Sc Agri.(Hons.)/ B.Sc. Agriculture Biotechnology) 4 Yrs) + LPUNEST/ CUET,60% (B.Sc Agriculture/ B.Sc Agri.(Hons.)/  B.Sc. Agriculture Biotechnology 4 Yrs) and  ELR,"5% to North East states and Sikkim candidates / Defence Personnel and their Dependents*/Wards of Kashmiri Migrants

* Not applicable for Tie-up programmes","1.   5% relaxation  to NE and Sikkim states candidates  is not  applicable for M.P.Ed. 
2.Medical  Fitness Certificate Compulsory",B.tech ECE/Telecom and M.Sc. Physics should not be allowed.
After Graduation,m sc agri entomology,60% (B.Sc Agriculture/ B.Sc Agri.(Hons.) 4 Years/ B.Sc Horticulture) + LPUNEST/ CUET,60% (B.Sc Agriculture/ B.Sc Agri.(Hons.)4 Years/ B.Sc Horticulture) and ELR,"5% to North East states and Sikkim candidates / Defence Personnel and their Dependents*/Wards of Kashmiri Migrants

* Not applicable for Tie-up programmes","1.   5% relaxation  to NE and Sikkim states candidates  is not  applicable for M.P.Ed. 
2.Medical  Fitness Certificate Compulsory",B.tech ECE/Telecom and M.Sc. Physics should not be allowed.
After Graduation,m sc agri plant pathology,60% (B.Sc Agriculture/ B.Sc Agri.(Hons.) 4 Years) + LPUNEST/ CUET,60% (B.Sc Agriculture/ B.Sc Agri.(Hons.)4 Years) and  ELR,"5% to North East states and Sikkim candidates / Defence Personnel and their Dependents*/Wards of Kashmiri Migrants

* Not applicable for Tie-up programmes","1.   5% relaxation  to NE and Sikkim states candidates  is not  applicable for M.P.Ed. 
2.Medical  Fitness Certificate Compulsory",B.tech ECE/Telecom and M.Sc. Physics should not be allowed.
After Graduation,m sc hort vegetable science,60% (B.Sc Agriculture/ B.Sc Agri.(Hons.)/ B.Sc (Horticulture) 4 Yrs) + LPUNEST/ CUET,60% (B.Sc Agriculture/ B.Sc Agri.(Hons.)/ B.Sc (Horticulture) 4 Yrs) and  ELR,"5% to North East states and Sikkim candidates / Defence Personnel and their Dependents*/Wards of Kashmiri Migrants

* Not applicable for Tie-up programmes","1.   5% relaxation  to NE and Sikkim states candidates  is not  applicable for M.P.Ed. 
2.Medical  Fitness Certificate Compulsory",B.tech ECE/Telecom and M.Sc. Physics should not be allowed.
After Graduation,m sc hort fruit science,60% (B.Sc Agriculture/ B.Sc Agri.(Hons.)/ B.Sc (Horticulture) 4 Yrs) + LPUNEST/ CUET,60% (B.Sc Agriculture/ B.Sc Agri.(Hons.)/ B.Sc (Horticulture) 4 Yrs) and  ELR,"5% to North East states and Sikkim candidates / Defence Personnel and their Dependents*/Wards of Kashmiri Migrants

* Not applicable for Tie-up programmes","1.   5% relaxation  to NE and Sikkim states candidates  is not  applicable for M.P.Ed. 
2.Medical  Fitness Certificate Compulsory",B.tech ECE/Telecom and M.Sc. Physics should not be allowed.
After Graduation,m sc hort floriculture and landscaping,60% (B.Sc Agriculture/ B.Sc Agri.(Hons.)/ B.Sc (Horticulture) 4 Yrs) + LPUNEST/ CUET,60% (B.Sc Agriculture/ B.Sc Agri.(Hons.)/ B.Sc (Horticulture) 4 Yrs) and  ELR,"5% to North East states and Sikkim candidates / Defence Personnel and their Dependents*/Wards of Kashmiri Migrants

* Not applicable for Tie-up programmes","1.   5% relaxation  to NE and Sikkim states candidates  is not  applicable for M.P.Ed. 
2.Medical  Fitness Certificate Compulsory",B.tech ECE/Telecom and M.Sc. Physics should not be allowed.
After Graduation,m sc food science and technology,55% (Bachelor's of Science degree  with  (Food sciences/ Apllied Medical Science/ Medical Science & Allied Medical/Agriculture/ Nano Technology/ Bio-Sciences/  Life Science/ Nutrition & Dietetics/ Home Science/  Veterinary Microbiology & Parasitology/ Genetic Engineering & Biotechnology/ Clinical Chemistry/ Plant Science)) or B.Voc Food Science and quality control + LPUNEST/ CUET,50% (Bachelor's of Science degree  with  (Food sciences/ Apllied Medical Science/ Medical Science & Allied Medical/Agriculture/ Nano Technology/ Bio-Sciences/  Life Science/ Nutrition & Dietetics/ Home Science/  Veterinary Microbiology & Parasitology/ Genetic Engineering & Biotechnology/ Clinical Chemistry/ Plant Science))  and  ELR,5% to North East states and Sikkim candidates / Defence Personnel and their Dependents/Wards of Kashmiri Migrants,"For Medical Terminology used, kindly refer ""Medical Terminology PG Sciences"" sheet","1. B.Sc. MLT not allowed
2. B.VOC. (Food Science & Quality Control is allowed
3. B.Sc. Agriculture is allowed"
After Graduation,nutrition and dietetics,55% (Bachelor's of Science degree  with  (Food sciences/ Apllied Medical Science/ Medical Science & Allied Medical/Agriculture/ Nano Technology/ Bio-Sciences/  Life Science/ Nutrition & Dietetics/ Home Science/  Veterinary Microbiology & Parasitology/ Genetic Engineering & Biotechnology/ Clinical Chemistry/ Plant Science)) or B.Voc Food Science and quality control + LPUNEST/ CUET,50% (Bachelor's of Science degree  with  (Food sciences/ Apllied Medical Science/ Medical Science & Allied Medical/Agriculture/ Nano Technology/ Bio-Sciences/  Life Science/ Nutrition & Dietetics/ Home Science/  Veterinary Microbiology & Parasitology/ Genetic Engineering & Biotechnology/ Clinical Chemistry/ Plant Science))  and  ELR,5% to North East states and Sikkim candidates / Defence Personnel and their Dependents/Wards of Kashmiri Migrants,"For Medical Terminology used, kindly refer ""Medical Terminology PG Sciences"" sheet","1. B.Sc. MLT not allowed
2. B.VOC. (Food Science & Quality Control is allowed
3. B.Sc. Agriculture is allowed"
After Graduation,masters of nutrition and dietetics,55% in Bachelor of Nutrition and Dietetics (Honours) / B.Sc Nutrition and Dietetics (Honours) / B.Sc Food and Nutrition or equivalent + LPUNEST/ CUET,50%   in Bachelor of Nutrition and Dietetics (Honours) / B.Sc Nutrition and Dietetics (Honours) / B.Sc Food and Nutrition + LPUIST and  ELR,5% to North East states and Sikkim candidates / Defence Personnel and their Dependents/Wards of Kashmiri Migrants,"- Medical fitness certificate is mandatory to submit and it is to be endorsed by Government medical officer.

For Medical Terminology used, kindly refer ""Medical Terminology PG Sciences"" sheet","1. B.Sc. MLT not allowed
2. B.VOC. (Food Science & Quality Control is allowed
3. B.Sc. Agriculture is allowed"
After Graduation,m sc hons biotechnology,55% (Bachelor's degree in  (Biotechnology/ Apllied Medical Science/ Medical Science & Allied Medical/Agriculture/ Nano Technology/ Biosciences/ Life Science/ Food sciences./ Veterinary Microbiology & Parasitology/ Genetic Engineering & Biotechnology/ Public Health & Allied Sciences/ Plant Science)),50% (Bachelor's degree in  (Biotechnology/ Apllied Medical Science/ Medical Science & Allied Medical/Agriculture/ Nano Technology/ Bio-Sciences/ Life Science/ Food sciences/  Veterinary Microbiology & Parasitology/ Genetic Engineering & Biotechnology/ Public Health & Allied Sciences/ Plant Science)) and  ELR,5% to North East states and Sikkim candidates / Defence Personnel and their Dependents/Wards of Kashmiri Migrants,"For Medical Terminology used, kindly refer ""Medical Terminology PG Sciences"" sheet",B.Sc. Agriculture is allowed
After Graduation,m sc hons microbiology,55% (Bachelor's degree in (Microbiology/ Applied Medical Science/ Medical Science & Allied Medical/ Agriculture / Biosciences/ Food Science/ MLT/ Life Sciences/ Veterinary Microbiology & Parasitology/ Genetic Engineering & Biotechnology/ Clinical Chemistry/ Public Health & Allied Sciences/ Plant Science)),50% (Bachelor's degree in  (Microbiology/ Apllied Medical Science/ Medical Science & Allied Medical/ Agriculture / Bio-Sciences/ Food Science/MLT / Life Sciences/ Veterinary Microbiology & Parasitology/ Genetic Engineering & Biotechnology/ Clinical Chemistry/ Public Health & Allied Sciences/ Plant Science))  and  ELR,5% to North East states and Sikkim candidates / Defence Personnel and their Dependents/Wards of Kashmiri Migrants,"For Medical Terminology used, kindly refer ""Medical Terminology PG Sciences"" sheet",B.Sc. Agriculture is allowed
After Graduation,forensic science,55% (Bachelor's degree in (Microbiology/ Applied Medical Science/ Medical Science & Allied Medical/ Agriculture / Biosciences/ Food Science/ MLT/ Life Sciences/ Veterinary Microbiology & Parasitology/ Genetic Engineering & Biotechnology/ Clinical Chemistry/ Public Health & Allied Sciences/ Plant Science)),50% (Bachelor's degree in  (Microbiology/ Apllied Medical Science/ Medical Science & Allied Medical/ Agriculture / Bio-Sciences/ Food Science/MLT / Life Sciences/ Veterinary Microbiology & Parasitology/ Genetic Engineering & Biotechnology/ Clinical Chemistry/ Public Health & Allied Sciences/ Plant Science))  and  ELR,5% to North East states and Sikkim candidates / Defence Personnel and their Dependents/Wards of Kashmiri Migrants,"For Medical Terminology used, kindly refer ""Medical Terminology PG Sciences"" sheet",B.Sc. Agriculture is allowed
After Graduation,m sc forensic science,55% (B.Sc.(Forensic Science/ Botany/ Zoology /Physics / Chemistry / Biochemistry / Microbiology / Biotech/ MLT)/ MBBS / BDS / B.Pharm./ BHMS/ BAMS),50% (B.Sc.(Forensic Science/ Botany/ Zoology / Physics / Chemistry / Biochemistry / Microbiology / Biotech/ MLT)/ MBBS / BDS / B.Pharm./ BHMS/ BAMS)  and ELR,5% to North East states and Sikkim candidates / Defence Personnel and their Dependents/Wards of Kashmiri Migrants,"For Medical Terminology used, kindly refer ""Medical Terminology PG Sciences"" sheet",B.Sc. (Anesthesia & Operation Theatre Techniques)
After Graduation,m sc digital forensics and cyber security,55% (Bachelor's degree in Engineering/ Technology/ IT/ CSE or BCA or B.Sc. in Digital Forensics/ Cyber Forensics/ Cyber Security/ Forensic Sciences with a specialisation in Digital Forensics/ Cyber Forensics/ Cyber security),50% (Bachelor's degree in Engineering/ Technology/ IT/ CSE or BCA or B.Sc. in Digital Forensics/ Cyber Forensics/ Cyber Security/ Forensic Sciences with a specialisation in Digital Forensics/ Cyber Forensics/ Cyber security) and ELR,5% to North East states and Sikkim candidates / Defence Personnel and their Dependents/Wards of Kashmiri Migrants,"For Medical Terminology used, kindly refer ""Medical Terminology PG Sciences"" sheet",B.Sc. (Anesthesia & Operation Theatre Techniques)
After Graduation,m sc hons zoology,55%  (Bachelor's degree in  (Zoology/ Medical Science & Allied Medical  / Bio- Sciences/ Life Sciences/ MLT)),50% (Bachelor's degree  in (Zoology/ Medical Science & Allied Medical  / Bio- Sciences/ Life Sciences/ MLT))) and  ELR,5% to North East states and Sikkim candidates / Defence Personnel and their Dependents/Wards of Kashmiri Migrants,"For Medical Terminology used, kindly refer ""Medical Terminology PG Sciences"" sheet",B.Sc. (Anesthesia & Operation Theatre Techniques)
After Graduation,m sc zoology 1 yrs,55%  in  4 Years B.Sc. (Hons.)/ B.Sc. (Hons. with Research) Zoology or equivalent,50%  in  4 Years B.Sc. (Hons.)/ B.Sc. (Hons. with Research) Zoology or equivalent and ELR,5% to North East states and Sikkim candidates / Defence Personnel and their Dependents/Wards of Kashmiri Migrants,"For Medical Terminology used, kindly refer ""Medical Terminology PG Sciences"" sheet",B.Sc. (Anesthesia & Operation Theatre Techniques)
After Graduation,m sc hons physics,55%  (Bachelor's degree with Physics) or  (B.Tech(ECE/ME/EE/EEE) ),"50%  (Bachelor's degree with Physics)  and ELR 
OR
50% (with  B.Tech(ECE/ME/EE/EEE)) and ELR",5% to North East states and Sikkim candidates / Defence Personnel and their Dependents/Wards of Kashmiri Migrants,"For Medical Terminology used, kindly refer ""Medical Terminology PG Sciences"" sheet",B.Tech (CSE ) is allowed
After Graduation,m sc hons chemistry,55%  (Bachelor's degree with chemistry),50% (Bachelor's degree with chemistry) and ELR,5% to North East states and Sikkim candidates / Defence Personnel and their Dependents/Wards of Kashmiri Migrants,"For Medical Terminology used, kindly refer ""Medical Terminology PG Sciences"" sheet",B.Tech (CSE ) is allowed
After Graduation,m sc mathematics,55% (Bachelor's degree with Mathematics  or  B.Tech / B.E. / B.Sc. Engg.),"50% (Bachelor's degree with  Mathematics) and ELR 
OR  
50% (with B.Tech / B.E. / B.Sc. Engg.) and  ELR",5% to North East states and Sikkim candidates / Defence Personnel and their Dependents/Wards of Kashmiri Migrants,"For Medical Terminology used, kindly refer ""Medical Terminology PG Sciences"" sheet",B.Tech (CSE ) is allowed
After Graduation,m a mathematics,55% (Bachelor's degree with Mathematics  or  B.Tech / B.E. / B.Sc. Engg.),"50% (Bachelor's degree with  Mathematics) and ELR 
OR  
50% (with B.Tech / B.E. / B.Sc. Engg.) and  ELR",5% to North East states and Sikkim candidates / Defence Personnel and their Dependents/Wards of Kashmiri Migrants,"For Medical Terminology used, kindly refer ""Medical Terminology PG Sciences"" sheet",B.Tech (CSE ) is allowed
After Graduation,m sc statistics and data analytics,55% (Bachelor's degree with Statistics / Mathematics or  B.Tech / B.E. / B.Sc. Engg.),"50% (Bachelor's degree with  Statistics / Mathematics) and ELR 
OR  
50% (with B.Tech / B.E. / B.Sc. Engg.) and  ELR",5% to North East states and Sikkim candidates / Defence Personnel and their Dependents/Wards of Kashmiri Migrants,"For Medical Terminology used, kindly refer ""Medical Terminology PG Sciences"" sheet",B.Tech (CSE ) is allowed
After Graduation,pharmaceutical sciences,55% (Bachelor's degree with Statistics / Mathematics or  B.Tech / B.E. / B.Sc. Engg.),"50% (Bachelor's degree with  Statistics / Mathematics) and ELR 
OR  
50% (with B.Tech / B.E. / B.Sc. Engg.) and  ELR",5% to North East states and Sikkim candidates / Defence Personnel and their Dependents/Wards of Kashmiri Migrants,"For Medical Terminology used, kindly refer ""Medical Terminology PG Sciences"" sheet",B.Tech (CSE ) is allowed
After Graduation,m pharm pharmaceutics pharmacology pharmaceutical analysis pharmaceutical chemistry pharmacy practice,"55% in B.Pharmacy (approved by PCI, India) +  LPUNEST/ GPAT/ CUET","55% in B.Pharmacy (approved by PCI, India) and  ELR",5% to SC/ST,"For Medical Terminology used, kindly refer ""Medical Terminology PG Sciences"" sheet",B.Tech (CSE ) is allowed
After Graduation,pharm d pb,"55% in B.Pharmacy (approved by PCI, India) +  LPUNEST/ GPAT/ CUET","50% in B.Pharmacy (approved by PCI, India) and  ELR",5% to SC/ST,"For Medical Terminology used, kindly refer ""Medical Terminology PG Sciences"" sheet",B.Tech (CSE ) is allowed
After Graduation,m pt musculoskeletal science neuroscience sports science,55% (BPT)+ LPUNEST/ CUET,50% in  (BPT) + LPUIST and  ELR,5% to North East states and Sikkim candidates / Defence Personnel and their Dependents/Wards of Kashmiri Migrants,Medical fitness certificate is mandatory to submit and it is to be endorsed by Government medical officer,B.Tech (CSE ) is allowed
After Graduation,medical laboratory sciences,55% (BPT)+ LPUNEST/ CUET,50% in  (BPT) + LPUIST and  ELR,5% to North East states and Sikkim candidates / Defence Personnel and their Dependents/Wards of Kashmiri Migrants,Medical fitness certificate is mandatory to submit and it is to be endorsed by Government medical officer,B.Tech (CSE ) is allowed
After Graduation,master of medical laboratory science medical microbiology,55% with  Bachelor's degree in Medical Laboratory Science + LPUNEST/ CUET,50% with  Bachelor's degree in Medical Laboratory Science + LPUIST  and ELR,"5% to North East states and Sikkim candidates / Defence Personnel and their Dependents*/Wards of Kashmiri Migrants

* Not applicable for Tie-up programmes","- Medical fitness certificate is mandatory to submit and it is to be endorsed by Government medical officer

For Medical Terminology used, kindly refer ""Medical Terminology PG Sciences"" sheet",B.Tech (CSE ) is allowed
After Graduation,m sc clinical embryology,"55% (with Bachelor's Degree in (Applied Medical Science or Biosciences or Medical Science & Allied Medical or Life Sciences) + LPUNEST*/ CUET

*LPUNEST will be exempted if candidate scores 80% or more marks in the qualifying  exam.",50% (with Bachelor's Degree in (Applied Medical Science or Biosciences or Medical Science & Allied Medical or Life Sciences )  and ELR,"5% to North East states and Sikkim candidates / Defence Personnel and their Dependents*/Wards of Kashmiri Migrants

* Not applicable for Tie-up programmes","For Medical Terminology used, kindly refer ""Medical Terminology PG Sciences"" sheet",B.Tech (CSE ) is allowed
