Programme Name,Programme Code,Matched Bucket,Dates
Diploma (Engg.) Electronics and Comm. Engg. (ECE),P105,Type C,"{""Last Date of Admission"": ""20th August 2026"", ""Dates of Scholarship Examination"": ""Till 22nd August 2026"", ""Scholarship Result"": ""Within 3 working days""}"
Diploma (Engg.) Computer Sc. and Engg. (CSE),P102,Type C,"{""Last Date of Admission"": ""20th August 2026"", ""Dates of Scholarship Examination"": ""Till 22nd August 2026"", ""Scholarship Result"": ""Within 3 working days""}"
Diploma (Engg.) AI and ML,P102-NNP,Type C,"{""Last Date of Admission"": ""20th August 2026"", ""Dates of Scholarship Examination"": ""Till 22nd August 2026"", ""Scholarship Result"": ""Within 3 working days""}"
Diploma (Engg.) Mechanical Engg. (ME),P108,Type C,"{""Last Date of Admission"": ""20th August 2026"", ""Dates of Scholarship Examination"": ""Till 22nd August 2026"", ""Scholarship Result"": ""Within 3 working days""}"
Diploma (Engg.) Automobile Engg. (AE),P109,Type C,"{""Last Date of Admission"": ""20th August 2026"", ""Dates of Scholarship Examination"": ""Till 22nd August 2026"", ""Scholarship Result"": ""Within 3 working days""}"
Diploma (Engg.) Civil Engg. (CE),P107,Type C,"{""Last Date of Admission"": ""20th August 2026"", ""Dates of Scholarship Examination"": ""Till 22nd August 2026"", ""Scholarship Result"": ""Within 3 working days""}"
Diploma (Engg.) Electrical Engg. (EE),P106,Type C,"{""Last Date of Admission"": ""20th August 2026"", ""Dates of Scholarship Examination"": ""Till 22nd August 2026"", ""Scholarship Result"": ""Within 3 working days""}"
Diploma in Business Administration,P301,Type C,"{""Last Date of Admission"": ""20th August 2026"", ""Dates of Scholarship Examination"": ""Till 22nd August 2026"", ""Scholarship Result"": ""Within 3 working days""}"
Diploma in Architectural Assistantship,P701,Type C,"{""Last Date of Admission"": ""20th August 2026"", ""Dates of Scholarship Examination"": ""Till 22nd August 2026"", ""Scholarship Result"": ""Within 3 working days""}"
Diploma in Medical Lab. Technology (DMLT),P501,Type C,"{""Last Date of Admission"": ""20th August 2026"", ""Dates of Scholarship Examination"": ""Till 22nd August 2026"", ""Scholarship Result"": ""Within 3 working days""}"
B.Tech. (Electronics and Communication Engineering),P135,Type B (all tests),"{""Online Registration Starts on"": ""1st August 2026 onwards"", ""Slot Booking for Online Examination"": ""1st August  2026 onwards"", ""Last date to apply & book slot"": ""15th August 2026\n17th August 2026"", ""Dates of Entrance Examination #"": ""4th August onwards"", ""Display of Result"": ""Within 3 working days"", ""Last Date of Admission"": ""20th August 2026""}"
B Tech (ECE) [ 2+2 with international credit transfer option],P135-Y,Type B (all tests),"{""Online Registration Starts on"": ""1st August 2026 onwards"", ""Slot Booking for Online Examination"": ""1st August  2026 onwards"", ""Last date to apply & book slot"": ""15th August 2026\n17th August 2026"", ""Dates of Entrance Examination #"": ""4th August onwards"", ""Display of Result"": ""Within 3 working days"", ""Last Date of Admission"": ""20th August 2026""}"
B.Tech. (ECE - Semiconductor and VLSI Design),P135-NNB,Type B (all tests),"{""Online Registration Starts on"": ""1st August 2026 onwards"", ""Slot Booking for Online Examination"": ""1st August  2026 onwards"", ""Last date to apply & book slot"": ""15th August 2026\n17th August 2026"", ""Dates of Entrance Examination #"": ""4th August onwards"", ""Display of Result"": ""Within 3 working days"", ""Last Date of Admission"": ""20th August 2026""}"
B.Tech (ECE - Artificial Intelligence and Automation),P135-NN9,Type B (all tests),"{""Online Registration Starts on"": ""1st August 2026 onwards"", ""Slot Booking for Online Examination"": ""1st August  2026 onwards"", ""Last date to apply & book slot"": ""15th August 2026\n17th August 2026"", ""Dates of Entrance Examination #"": ""4th August onwards"", ""Display of Result"": ""Within 3 working days"", ""Last Date of Admission"": ""20th August 2026""}"
B.Tech. (Computer Science and Engineering),P132,Type B (all tests),"{""Online Registration Starts on"": ""1st August 2026 onwards"", ""Slot Booking for Online Examination"": ""1st August  2026 onwards"", ""Last date to apply & book slot"": ""15th August 2026\n17th August 2026"", ""Dates of Entrance Examination #"": ""4th August onwards"", ""Display of Result"": ""Within 3 working days"", ""Last Date of Admission"": ""20th August 2026""}"
B Tech (CSE) [ 2+2 with international credit transfer option],P132-Y,Type B (all tests),"{""Online Registration Starts on"": ""1st August 2026 onwards"", ""Slot Booking for Online Examination"": ""1st August  2026 onwards"", ""Last date to apply & book slot"": ""15th August 2026\n17th August 2026"", ""Dates of Entrance Examination #"": ""4th August onwards"", ""Display of Result"": ""Within 3 working days"", ""Last Date of Admission"": ""20th August 2026""}"
B.Tech. CSE - Data Science with ML,P132-NNM,Type B (all tests),"{""Online Registration Starts on"": ""1st August 2026 onwards"", ""Slot Booking for Online Examination"": ""1st August  2026 onwards"", ""Last date to apply & book slot"": ""15th August 2026\n17th August 2026"", ""Dates of Entrance Examination #"": ""4th August onwards"", ""Display of Result"": ""Within 3 working days"", ""Last Date of Admission"": ""20th August 2026""}"
B.Tech. (CSE - AI and Data Engineering),P132-NNK,Type B (all tests),"{""Online Registration Starts on"": ""1st August 2026 onwards"", ""Slot Booking for Online Examination"": ""1st August  2026 onwards"", ""Last date to apply & book slot"": ""15th August 2026\n17th August 2026"", ""Dates of Entrance Examination #"": ""4th August onwards"", ""Display of Result"": ""Within 3 working days"", ""Last Date of Admission"": ""20th August 2026""}"
B.Tech (CSE - AI and Data Analytics),P132-NNAA,Type B (all tests),"{""Online Registration Starts on"": ""1st August 2026 onwards"", ""Slot Booking for Online Examination"": ""1st August  2026 onwards"", ""Last date to apply & book slot"": ""15th August 2026\n17th August 2026"", ""Dates of Entrance Examination #"": ""4th August onwards"", ""Display of Result"": ""Within 3 working days"", ""Last Date of Admission"": ""20th August 2026""}"
B.Tech. (CSE - Artificial Intelligence and Data Science),P132-NNAH,Type B (all tests),"{""Online Registration Starts on"": ""1st August 2026 onwards"", ""Slot Booking for Online Examination"": ""1st August  2026 onwards"", ""Last date to apply & book slot"": ""15th August 2026\n17th August 2026"", ""Dates of Entrance Examination #"": ""4th August onwards"", ""Display of Result"": ""Within 3 working days"", ""Last Date of Admission"": ""20th August 2026""}"
B.Tech (CSE - Cloud Computing and Gen AI),P132-NNAB,Type B (all tests),"{""Online Registration Starts on"": ""1st August 2026 onwards"", ""Slot Booking for Online Examination"": ""1st August  2026 onwards"", ""Last date to apply & book slot"": ""15th August 2026\n17th August 2026"", ""Dates of Entrance Examination #"": ""4th August onwards"", ""Display of Result"": ""Within 3 working days"", ""Last Date of Admission"": ""20th August 2026""}"
B.Tech. (CSE - Artificial Intelligence and Machine Learning),P132-NNAK,Type B (all tests),"{""Online Registration Starts on"": ""1st August 2026 onwards"", ""Slot Booking for Online Examination"": ""1st August  2026 onwards"", ""Last date to apply & book slot"": ""15th August 2026\n17th August 2026"", ""Dates of Entrance Examination #"": ""4th August onwards"", ""Display of Result"": ""Within 3 working days"", ""Last Date of Admission"": ""20th August 2026""}"
B.Tech. (CSE- Generative AI) [Gen AI],P132-NNS,Type B (all tests),"{""Online Registration Starts on"": ""1st August 2026 onwards"", ""Slot Booking for Online Examination"": ""1st August  2026 onwards"", ""Last date to apply & book slot"": ""15th August 2026\n17th August 2026"", ""Dates of Entrance Examination #"": ""4th August onwards"", ""Display of Result"": ""Within 3 working days"", ""Last Date of Admission"": ""20th August 2026""}"
B.Tech. (CSE - Computer Science and Business Systems),P132-NNT,Type B (all tests),"{""Online Registration Starts on"": ""1st August 2026 onwards"", ""Slot Booking for Online Examination"": ""1st August  2026 onwards"", ""Last date to apply & book slot"": ""15th August 2026\n17th August 2026"", ""Dates of Entrance Examination #"": ""4th August onwards"", ""Display of Result"": ""Within 3 working days"", ""Last Date of Admission"": ""20th August 2026""}"
B.Tech. (CSE - Robotics and Artificial Intelligence),P132-NNAJ,Type B (all tests),"{""Online Registration Starts on"": ""1st August 2026 onwards"", ""Slot Booking for Online Examination"": ""1st August  2026 onwards"", ""Last date to apply & book slot"": ""15th August 2026\n17th August 2026"", ""Dates of Entrance Examination #"": ""4th August onwards"", ""Display of Result"": ""Within 3 working days"", ""Last Date of Admission"": ""20th August 2026""}"
B.Tech (CSE - AI and System Design) with Global Tech Immersion,P132-NNAG,Type B (all tests),"{""Online Registration Starts on"": ""1st August 2026 onwards"", ""Slot Booking for Online Examination"": ""1st August  2026 onwards"", ""Last date to apply & book slot"": ""15th August 2026\n17th August 2026"", ""Dates of Entrance Examination #"": ""4th August onwards"", ""Display of Result"": ""Within 3 working days"", ""Last Date of Admission"": ""20th August 2026""}"
B.Tech. (Hons.) (CSE- Data Science and Data Engineering),P132-HNF,Type B (all tests),"{""Online Registration Starts on"": ""1st August 2026 onwards"", ""Slot Booking for Online Examination"": ""1st August  2026 onwards"", ""Last date to apply & book slot"": ""15th August 2026\n17th August 2026"", ""Dates of Entrance Examination #"": ""4th August onwards"", ""Display of Result"": ""Within 3 working days"", ""Last Date of Admission"": ""20th August 2026""}"
B.Tech. (Hons.) (CSE- Cyber Security and Block Chain),P132-HNG,Type B (all tests),"{""Online Registration Starts on"": ""1st August 2026 onwards"", ""Slot Booking for Online Examination"": ""1st August  2026 onwards"", ""Last date to apply & book slot"": ""15th August 2026\n17th August 2026"", ""Dates of Entrance Examination #"": ""4th August onwards"", ""Display of Result"": ""Within 3 working days"", ""Last Date of Admission"": ""20th August 2026""}"
Integrated B.Tech. (Computer Science and Engineering) - MBA,P192-NE,Type B (all tests),"{""Online Registration Starts on"": ""1st August 2026 onwards"", ""Slot Booking for Online Examination"": ""1st August  2026 onwards"", ""Last date to apply & book slot"": ""15th August 2026\n17th August 2026"", ""Dates of Entrance Examination #"": ""4th August onwards"", ""Display of Result"": ""Within 3 working days"", ""Last Date of Admission"": ""20th August 2026""}"
B.Tech. (Information Technology),P133,Type B (all tests),"{""Online Registration Starts on"": ""1st August 2026 onwards"", ""Slot Booking for Online Examination"": ""1st August  2026 onwards"", ""Last date to apply & book slot"": ""15th August 2026\n17th August 2026"", ""Dates of Entrance Examination #"": ""4th August onwards"", ""Display of Result"": ""Within 3 working days"", ""Last Date of Admission"": ""20th August 2026""}"
B.Tech. (Mechanical Engineering),P138,Type B (all tests),"{""Online Registration Starts on"": ""1st August 2026 onwards"", ""Slot Booking for Online Examination"": ""1st August  2026 onwards"", ""Last date to apply & book slot"": ""15th August 2026\n17th August 2026"", ""Dates of Entrance Examination #"": ""4th August onwards"", ""Display of Result"": ""Within 3 working days"", ""Last Date of Admission"": ""20th August 2026""}"
B Tech (ME) [2+2 with international credit transfer option],P138-Y,Type B (all tests),"{""Online Registration Starts on"": ""1st August 2026 onwards"", ""Slot Booking for Online Examination"": ""1st August  2026 onwards"", ""Last date to apply & book slot"": ""15th August 2026\n17th August 2026"", ""Dates of Entrance Examination #"": ""4th August onwards"", ""Display of Result"": ""Within 3 working days"", ""Last Date of Admission"": ""20th August 2026""}"
B.Tech. (ME - Mechatronics),P138-NN1,Type B (all tests),"{""Online Registration Starts on"": ""1st August 2026 onwards"", ""Slot Booking for Online Examination"": ""1st August  2026 onwards"", ""Last date to apply & book slot"": ""15th August 2026\n17th August 2026"", ""Dates of Entrance Examination #"": ""4th August onwards"", ""Display of Result"": ""Within 3 working days"", ""Last Date of Admission"": ""20th August 2026""}"
B.Tech. (ME - Mechatronics) [2+2 with international credit transfer option],P138-YN1,Type B (all tests),"{""Online Registration Starts on"": ""1st August 2026 onwards"", ""Slot Booking for Online Examination"": ""1st August  2026 onwards"", ""Last date to apply & book slot"": ""15th August 2026\n17th August 2026"", ""Dates of Entrance Examination #"": ""4th August onwards"", ""Display of Result"": ""Within 3 working days"", ""Last Date of Admission"": ""20th August 2026""}"
B.Tech. (ME - Artificial Intelligence and Machine Learning),P138-NNB,Type B (all tests),"{""Online Registration Starts on"": ""1st August 2026 onwards"", ""Slot Booking for Online Examination"": ""1st August  2026 onwards"", ""Last date to apply & book slot"": ""15th August 2026\n17th August 2026"", ""Dates of Entrance Examination #"": ""4th August onwards"", ""Display of Result"": ""Within 3 working days"", ""Last Date of Admission"": ""20th August 2026""}"
B.Tech. (Aerospace Engineering),P13E,Type B (all tests),"{""Online Registration Starts on"": ""1st August 2026 onwards"", ""Slot Booking for Online Examination"": ""1st August  2026 onwards"", ""Last date to apply & book slot"": ""15th August 2026\n17th August 2026"", ""Dates of Entrance Examination #"": ""4th August onwards"", ""Display of Result"": ""Within 3 working days"", ""Last Date of Admission"": ""20th August 2026""}"
B.Tech. (Civil Engineering),P137,Type B (all tests),"{""Online Registration Starts on"": ""1st August 2026 onwards"", ""Slot Booking for Online Examination"": ""1st August  2026 onwards"", ""Last date to apply & book slot"": ""15th August 2026\n17th August 2026"", ""Dates of Entrance Examination #"": ""4th August onwards"", ""Display of Result"": ""Within 3 working days"", ""Last Date of Admission"": ""20th August 2026""}"
B Tech (CE) [ 2+2 with international credit transfer option],P137-Y,Type B (all tests),"{""Online Registration Starts on"": ""1st August 2026 onwards"", ""Slot Booking for Online Examination"": ""1st August  2026 onwards"", ""Last date to apply & book slot"": ""15th August 2026\n17th August 2026"", ""Dates of Entrance Examination #"": ""4th August onwards"", ""Display of Result"": ""Within 3 working days"", ""Last Date of Admission"": ""20th August 2026""}"
B.Tech (Civil - AI and ML),P137-NN3,Type B (all tests),"{""Online Registration Starts on"": ""1st August 2026 onwards"", ""Slot Booking for Online Examination"": ""1st August  2026 onwards"", ""Last date to apply & book slot"": ""15th August 2026\n17th August 2026"", ""Dates of Entrance Examination #"": ""4th August onwards"", ""Display of Result"": ""Within 3 working days"", ""Last Date of Admission"": ""20th August 2026""}"
B.Tech. (Electrical Engineering),P136,Type B (all tests),"{""Online Registration Starts on"": ""1st August 2026 onwards"", ""Slot Booking for Online Examination"": ""1st August  2026 onwards"", ""Last date to apply & book slot"": ""15th August 2026\n17th August 2026"", ""Dates of Entrance Examination #"": ""4th August onwards"", ""Display of Result"": ""Within 3 working days"", ""Last Date of Admission"": ""20th August 2026""}"
B.Tech. (Electrical and Electronics Engineering),P13A,Type B (all tests),"{""Online Registration Starts on"": ""1st August 2026 onwards"", ""Slot Booking for Online Examination"": ""1st August  2026 onwards"", ""Last date to apply & book slot"": ""15th August 2026\n17th August 2026"", ""Dates of Entrance Examination #"": ""4th August onwards"", ""Display of Result"": ""Within 3 working days"", ""Last Date of Admission"": ""20th August 2026""}"
B.Tech. (Robotics and Automation),P13AF,Type B (all tests),"{""Online Registration Starts on"": ""1st August 2026 onwards"", ""Slot Booking for Online Examination"": ""1st August  2026 onwards"", ""Last date to apply & book slot"": ""15th August 2026\n17th August 2026"", ""Dates of Entrance Examination #"": ""4th August onwards"", ""Display of Result"": ""Within 3 working days"", ""Last Date of Admission"": ""20th August 2026""}"
B.Tech. (Biotechnology),P131,Type B (all tests),"{""Online Registration Starts on"": ""1st August 2026 onwards"", ""Slot Booking for Online Examination"": ""1st August  2026 onwards"", ""Last date to apply & book slot"": ""15th August 2026\n17th August 2026"", ""Dates of Entrance Examination #"": ""4th August onwards"", ""Display of Result"": ""Within 3 working days"", ""Last Date of Admission"": ""20th August 2026""}"
B Tech (Biotechnology) [ 2+2 with international credit transfer option],P131-Y,Type B (all tests),"{""Online Registration Starts on"": ""1st August 2026 onwards"", ""Slot Booking for Online Examination"": ""1st August  2026 onwards"", ""Last date to apply & book slot"": ""15th August 2026\n17th August 2026"", ""Dates of Entrance Examination #"": ""4th August onwards"", ""Display of Result"": ""Within 3 working days"", ""Last Date of Admission"": ""20th August 2026""}"
B.Tech. (Genetics and Artificial Intelligence),P131-NN4,Type B (all tests),"{""Online Registration Starts on"": ""1st August 2026 onwards"", ""Slot Booking for Online Examination"": ""1st August  2026 onwards"", ""Last date to apply & book slot"": ""15th August 2026\n17th August 2026"", ""Dates of Entrance Examination #"": ""4th August onwards"", ""Display of Result"": ""Within 3 working days"", ""Last Date of Admission"": ""20th August 2026""}"
B.Tech. (Food Technology),P13Q,Type B (all tests),"{""Online Registration Starts on"": ""1st August 2026 onwards"", ""Slot Booking for Online Examination"": ""1st August  2026 onwards"", ""Last date to apply & book slot"": ""15th August 2026\n17th August 2026"", ""Dates of Entrance Examination #"": ""4th August onwards"", ""Display of Result"": ""Within 3 working days"", ""Last Date of Admission"": ""20th August 2026""}"
B.Tech. (Biomedical Engineering),P13O,Type B (all tests),"{""Online Registration Starts on"": ""1st August 2026 onwards"", ""Slot Booking for Online Examination"": ""1st August  2026 onwards"", ""Last date to apply & book slot"": ""15th August 2026\n17th August 2026"", ""Dates of Entrance Examination #"": ""4th August onwards"", ""Display of Result"": ""Within 3 working days"", ""Last Date of Admission"": ""20th August 2026""}"
B.Tech. (Automobile Engineering),P139,Type B (all tests),"{""Online Registration Starts on"": ""1st August 2026 onwards"", ""Slot Booking for Online Examination"": ""1st August  2026 onwards"", ""Last date to apply & book slot"": ""15th August 2026\n17th August 2026"", ""Dates of Entrance Examination #"": ""4th August onwards"", ""Display of Result"": ""Within 3 working days"", ""Last Date of Admission"": ""20th August 2026""}"
B.Tech. (Automobile Engineering) [ 2+2 with international credit transfer option],P139-Y,Type B (all tests),"{""Online Registration Starts on"": ""1st August 2026 onwards"", ""Slot Booking for Online Examination"": ""1st August  2026 onwards"", ""Last date to apply & book slot"": ""15th August 2026\n17th August 2026"", ""Dates of Entrance Examination #"": ""4th August onwards"", ""Display of Result"": ""Within 3 working days"", ""Last Date of Admission"": ""20th August 2026""}"
B.Tech. (Chemical Engineering),P13C,Type B (all tests),"{""Online Registration Starts on"": ""1st August 2026 onwards"", ""Slot Booking for Online Examination"": ""1st August  2026 onwards"", ""Last date to apply & book slot"": ""15th August 2026\n17th August 2026"", ""Dates of Entrance Examination #"": ""4th August onwards"", ""Display of Result"": ""Within 3 working days"", ""Last Date of Admission"": ""20th August 2026""}"
BCA,P124,Type C,"{""Last Date of Admission"": ""20th August 2026"", ""Dates of Scholarship Examination"": ""Till 22nd August 2026"", ""Scholarship Result"": ""Within 3 working days""}"
BCA (Cyber Security),P124-NN9,Type C,"{""Last Date of Admission"": ""20th August 2026"", ""Dates of Scholarship Examination"": ""Till 22nd August 2026"", ""Scholarship Result"": ""Within 3 working days""}"
BCA (Data Science),P124-NN8,Type C,"{""Last Date of Admission"": ""20th August 2026"", ""Dates of Scholarship Examination"": ""Till 22nd August 2026"", ""Scholarship Result"": ""Within 3 working days""}"
BCA (Artificial Intelligence and Machine Learning),P124-NN7,Type C,"{""Last Date of Admission"": ""20th August 2026"", ""Dates of Scholarship Examination"": ""Till 22nd August 2026"", ""Scholarship Result"": ""Within 3 working days""}"
BCA (Artificial Intelligence and Data Analytics),P124-NNA,Type C,"{""Last Date of Admission"": ""20th August 2026"", ""Dates of Scholarship Examination"": ""Till 22nd August 2026"", ""Scholarship Result"": ""Within 3 working days""}"
BCA (AI and Robotics),P124-NNC,Type C,"{""Last Date of Admission"": ""20th August 2026"", ""Dates of Scholarship Examination"": ""Till 22nd August 2026"", ""Scholarship Result"": ""Within 3 working days""}"
B.Sc. (Computer Science - Cyber Security),P22A-NN9,Type C,"{""Last Date of Admission"": ""20th August 2026"", ""Dates of Scholarship Examination"": ""Till 22nd August 2026"", ""Scholarship Result"": ""Within 3 working days""}"
B.Sc. (Information Technology),P123,Type C,"{""Last Date of Admission"": ""20th August 2026"", ""Dates of Scholarship Examination"": ""Till 22nd August 2026"", ""Scholarship Result"": ""Within 3 working days""}"
B Sc (IT) [2+2 with international credit transfer option],P123-Y,Type C,"{""Last Date of Admission"": ""20th August 2026"", ""Dates of Scholarship Examination"": ""Till 22nd August 2026"", ""Scholarship Result"": ""Within 3 working days""}"
B.Sc. (Hons.) Agriculture,P24B-H,Type B (all tests),"{""Online Registration Starts on"": ""1st August 2026 onwards"", ""Slot Booking for Online Examination"": ""1st August  2026 onwards"", ""Last date to apply & book slot"": ""15th August 2026\n17th August 2026"", ""Dates of Entrance Examination #"": ""4th August onwards"", ""Display of Result"": ""Within 3 working days"", ""Last Date of Admission"": ""20th August 2026""}"
B.Sc. (Hons.)/ (Hons with Research) Food Technology,P244-HN3,Type C,"{""Last Date of Admission"": ""20th August 2026"", ""Dates of Scholarship Examination"": ""Till 22nd August 2026"", ""Scholarship Result"": ""Within 3 working days""}"
B.Sc. (Food Technology),P224,Type C,"{""Last Date of Admission"": ""20th August 2026"", ""Dates of Scholarship Examination"": ""Till 22nd August 2026"", ""Scholarship Result"": ""Within 3 working days""}"
Bachelor of Nutrition and Dietetics (Honours),P245-HN1,Type C,"{""Last Date of Admission"": ""20th August 2026"", ""Dates of Scholarship Examination"": ""Till 22nd August 2026"", ""Scholarship Result"": ""Within 3 working days""}"
B.Sc. (Hons.)/ (Hons with Research) Biotechnology,P240-HN3,Type C,"{""Last Date of Admission"": ""20th August 2026"", ""Dates of Scholarship Examination"": ""Till 22nd August 2026"", ""Scholarship Result"": ""Within 3 working days""}"
B.Sc. (Biotechnology),P220,Type C,"{""Last Date of Admission"": ""20th August 2026"", ""Dates of Scholarship Examination"": ""Till 22nd August 2026"", ""Scholarship Result"": ""Within 3 working days""}"
B.Sc. (Hons.)/ (Hons with Research) Microbiology,P243-HN3,Type C,"{""Last Date of Admission"": ""20th August 2026"", ""Dates of Scholarship Examination"": ""Till 22nd August 2026"", ""Scholarship Result"": ""Within 3 working days""}"
B.Sc. (Microbiology),P223,Type C,"{""Last Date of Admission"": ""20th August 2026"", ""Dates of Scholarship Examination"": ""Till 22nd August 2026"", ""Scholarship Result"": ""Within 3 working days""}"
B.Sc. (Hons.)/ (Hons with Research) Forensic Sciences,P24G-H,Type C,"{""Last Date of Admission"": ""20th August 2026"", ""Dates of Scholarship Examination"": ""Till 22nd August 2026"", ""Scholarship Result"": ""Within 3 working days""}"
B.Sc. (Forensic Sciences),P22G,Type C,"{""Last Date of Admission"": ""20th August 2026"", ""Dates of Scholarship Examination"": ""Till 22nd August 2026"", ""Scholarship Result"": ""Within 3 working days""}"
B.Sc. (Hons.)/ (Hons with Research) Zoology,P24A-HNB,Type C,"{""Last Date of Admission"": ""20th August 2026"", ""Dates of Scholarship Examination"": ""Till 22nd August 2026"", ""Scholarship Result"": ""Within 3 working days""}"
B.Sc. (Zoology),P22A-NN5,Type C,"{""Last Date of Admission"": ""20th August 2026"", ""Dates of Scholarship Examination"": ""Till 22nd August 2026"", ""Scholarship Result"": ""Within 3 working days""}"
B.Sc. (Hons.)/ (Hons with Research) Physics,P24A-HNC,Type C,"{""Last Date of Admission"": ""20th August 2026"", ""Dates of Scholarship Examination"": ""Till 22nd August 2026"", ""Scholarship Result"": ""Within 3 working days""}"
B.Sc. (Physics),P22A-NN7,Type C,"{""Last Date of Admission"": ""20th August 2026"", ""Dates of Scholarship Examination"": ""Till 22nd August 2026"", ""Scholarship Result"": ""Within 3 working days""}"
B.Sc. (Hons.)/ (Hons with Research) Chemistry,P24A-HND,Type C,"{""Last Date of Admission"": ""20th August 2026"", ""Dates of Scholarship Examination"": ""Till 22nd August 2026"", ""Scholarship Result"": ""Within 3 working days""}"
B.Sc. (Chemistry),P22A-NN6,Type C,"{""Last Date of Admission"": ""20th August 2026"", ""Dates of Scholarship Examination"": ""Till 22nd August 2026"", ""Scholarship Result"": ""Within 3 working days""}"
B.Sc. (Hons.)/ (Hons with Research) Mathematics,P24A-HNE,Type C,"{""Last Date of Admission"": ""20th August 2026"", ""Dates of Scholarship Examination"": ""Till 22nd August 2026"", ""Scholarship Result"": ""Within 3 working days""}"
B.Sc. (Mathematics),P22A-NN8,Type C,"{""Last Date of Admission"": ""20th August 2026"", ""Dates of Scholarship Examination"": ""Till 22nd August 2026"", ""Scholarship Result"": ""Within 3 working days""}"
BBA,P321,Type C,"{""Last Date of Admission"": ""20th August 2026"", ""Dates of Scholarship Examination"": ""Till 22nd August 2026"", ""Scholarship Result"": ""Within 3 working days""}"
BBA [ 2+2 with international credit transfer option],P321-Y,Type C,"{""Last Date of Admission"": ""20th August 2026"", ""Dates of Scholarship Examination"": ""Till 22nd August 2026"", ""Scholarship Result"": ""Within 3 working days""}"
BBA (Hons.)/ (Hons. with Research),P340-HNAE,Type C,"{""Last Date of Admission"": ""20th August 2026"", ""Dates of Scholarship Examination"": ""Till 22nd August 2026"", ""Scholarship Result"": ""Within 3 working days""}"
BBA (Hons.) (Technology and Management) with Global Immersion,P340-HNAH,Type C,"{""Last Date of Admission"": ""20th August 2026"", ""Dates of Scholarship Examination"": ""Till 22nd August 2026"", ""Scholarship Result"": ""Within 3 working days""}"
Integrated BBA - MBA,P390-NE,Type C,"{""Last Date of Admission"": ""20th August 2026"", ""Dates of Scholarship Examination"": ""Till 22nd August 2026"", ""Scholarship Result"": ""Within 3 working days""}"
BBA (Financial Markets),P320-NN6,Type C,"{""Last Date of Admission"": ""20th August 2026"", ""Dates of Scholarship Examination"": ""Till 22nd August 2026"", ""Scholarship Result"": ""Within 3 working days""}"
BBA (International Finance),P320-NNG,Type C,"{""Last Date of Admission"": ""20th August 2026"", ""Dates of Scholarship Examination"": ""Till 22nd August 2026"", ""Scholarship Result"": ""Within 3 working days""}"
BBA (Business Analytics),P320-NNB,Type C,"{""Last Date of Admission"": ""20th August 2026"", ""Dates of Scholarship Examination"": ""Till 22nd August 2026"", ""Scholarship Result"": ""Within 3 working days""}"
BBA (International Accounting),P320-NNV,Type C,"{""Last Date of Admission"": ""20th August 2026"", ""Dates of Scholarship Examination"": ""Till 22nd August 2026"", ""Scholarship Result"": ""Within 3 working days""}"
BBA (Corporate Finance),P320-NNX,Type C,"{""Last Date of Admission"": ""20th August 2026"", ""Dates of Scholarship Examination"": ""Till 22nd August 2026"", ""Scholarship Result"": ""Within 3 working days""}"
BBA (Digital Marketing and Artificial Intelligence),P320-NNY,Type C,"{""Last Date of Admission"": ""20th August 2026"", ""Dates of Scholarship Examination"": ""Till 22nd August 2026"", ""Scholarship Result"": ""Within 3 working days""}"
BBA (Fintech and Artificial Intelligence),P320-NNZ,Type C,"{""Last Date of Admission"": ""20th August 2026"", ""Dates of Scholarship Examination"": ""Till 22nd August 2026"", ""Scholarship Result"": ""Within 3 working days""}"
BBA (Artificial Intelligence and Machine Learning),P320-NNAA,Type C,"{""Last Date of Admission"": ""20th August 2026"", ""Dates of Scholarship Examination"": ""Till 22nd August 2026"", ""Scholarship Result"": ""Within 3 working days""}"
"BBA (Cargo, Logistics and Supply Chain Management)",P320-NNT,Type C,"{""Last Date of Admission"": ""20th August 2026"", ""Dates of Scholarship Examination"": ""Till 22nd August 2026"", ""Scholarship Result"": ""Within 3 working days""}"
B.Com.,P322,Type C,"{""Last Date of Admission"": ""20th August 2026"", ""Dates of Scholarship Examination"": ""Till 22nd August 2026"", ""Scholarship Result"": ""Within 3 working days""}"
B.Com [ 2+2 with international credit transfer option],P322-Y,Type C,"{""Last Date of Admission"": ""20th August 2026"", ""Dates of Scholarship Examination"": ""Till 22nd August 2026"", ""Scholarship Result"": ""Within 3 working days""}"
B.Com. (Hons.)/ (Hons. with Research),P342-HN9,Type C,"{""Last Date of Admission"": ""20th August 2026"", ""Dates of Scholarship Examination"": ""Till 22nd August 2026"", ""Scholarship Result"": ""Within 3 working days""}"
B.Com. (Management Accounting and International Finance),P322-NN2,Type C,"{""Last Date of Admission"": ""20th August 2026"", ""Dates of Scholarship Examination"": ""Till 22nd August 2026"", ""Scholarship Result"": ""Within 3 working days""}"
B.Com. (International Accounting),P322-NN6,Type C,"{""Last Date of Admission"": ""20th August 2026"", ""Dates of Scholarship Examination"": ""Till 22nd August 2026"", ""Scholarship Result"": ""Within 3 working days""}"
B.Com. (Corporate Finance),P322-NN7,Type C,"{""Last Date of Admission"": ""20th August 2026"", ""Dates of Scholarship Examination"": ""Till 22nd August 2026"", ""Scholarship Result"": ""Within 3 working days""}"
B.Com. (Fintech and Artificial Intelligence),P322-NNA,Type C,"{""Last Date of Admission"": ""20th August 2026"", ""Dates of Scholarship Examination"": ""Till 22nd August 2026"", ""Scholarship Result"": ""Within 3 working days""}"
B.Sc. (Economics),P323-NN1,Type C,"{""Last Date of Admission"": ""20th August 2026"", ""Dates of Scholarship Examination"": ""Till 22nd August 2026"", ""Scholarship Result"": ""Within 3 working days""}"
B.Sc. (Hons.)/ (Hons with Research) Economics,P343-HN2,Type C,"{""Last Date of Admission"": ""20th August 2026"", ""Dates of Scholarship Examination"": ""Till 22nd August 2026"", ""Scholarship Result"": ""Within 3 working days""}"
"B.A., LL.B.(Hons.) {No exit/discontinue option after B.A.}",P490-HH,Type B (all tests),"{""Online Registration Starts on"": ""1st August 2026 onwards"", ""Slot Booking for Online Examination"": ""1st August  2026 onwards"", ""Last date to apply & book slot"": ""15th August 2026\n17th August 2026"", ""Dates of Entrance Examination #"": ""4th August onwards"", ""Display of Result"": ""Within 3 working days"", ""Last Date of Admission"": ""20th August 2026""}"
"BBA, LL.B. (Hons.) {No exit/discontinue option after BBA}",P391-HH,Type B (all tests),"{""Online Registration Starts on"": ""1st August 2026 onwards"", ""Slot Booking for Online Examination"": ""1st August  2026 onwards"", ""Last date to apply & book slot"": ""15th August 2026\n17th August 2026"", ""Dates of Entrance Examination #"": ""4th August onwards"", ""Display of Result"": ""Within 3 working days"", ""Last Date of Admission"": ""20th August 2026""}"
"B.Sc. (Airlines, Tourism and Hospitality)",P325,Type C,"{""Last Date of Admission"": ""20th August 2026"", ""Dates of Scholarship Examination"": ""Till 22nd August 2026"", ""Scholarship Result"": ""Within 3 working days""}"
"BBA (Tourism, Hospitality and Event Management)",P320-NNAG,Type C,"{""Last Date of Admission"": ""20th August 2026"", ""Dates of Scholarship Examination"": ""Till 22nd August 2026"", ""Scholarship Result"": ""Within 3 working days""}"
BBA (Airlines and Airport Management),P320-NNM,Type C,"{""Last Date of Admission"": ""20th August 2026"", ""Dates of Scholarship Examination"": ""Till 22nd August 2026"", ""Scholarship Result"": ""Within 3 working days""}"
B.Sc. (Hotel and Hospitality Management),P324-NN8,Type C,"{""Last Date of Admission"": ""20th August 2026"", ""Dates of Scholarship Examination"": ""Till 22nd August 2026"", ""Scholarship Result"": ""Within 3 working days""}"
Bachelor of Hotel Mgt and Catering Technology (BHMCT),P344,Type C,"{""Last Date of Admission"": ""20th August 2026"", ""Dates of Scholarship Examination"": ""Till 22nd August 2026"", ""Scholarship Result"": ""Within 3 working days""}"
Bachelor of Hotel Mgt and Catering Technology (BHMCT) [ 2+2 with international credit transfer option],P344-Y,Type C,"{""Last Date of Admission"": ""20th August 2026"", ""Dates of Scholarship Examination"": ""Till 22nd August 2026"", ""Scholarship Result"": ""Within 3 working days""}"
B.Sc. (Culinary Arts),P324-NN6,Type C,"{""Last Date of Admission"": ""20th August 2026"", ""Dates of Scholarship Examination"": ""Till 22nd August 2026"", ""Scholarship Result"": ""Within 3 working days""}"
B. Arch.,P741,Type C,"{""Last Date of Admission"": ""20th August 2026"", ""Dates of Scholarship Examination"": ""Till 22nd August 2026"", ""Scholarship Result"": ""Within 3 working days""}"
Integrated B.Tech - M.Tech (Urban and Regional Planning),P793-ND2,Type C,"{""Last Date of Admission"": ""20th August 2026"", ""Dates of Scholarship Examination"": ""Till 22nd August 2026"", ""Scholarship Result"": ""Within 3 working days""}"
B.Sc. (Interior and Furniture Design),P722-NNJ,TypeB (UG Design),"{""Online Registration Starts on"": ""1st August  2026 onwards"", ""Slot Booking for Online Examination"": ""15th August 2026"", ""Last date to apply & book slot"": ""15th August 2026\n17th August 2026"", ""Dates of Entrance Examination #"": ""4th August onwards"", ""Display of Result"": ""Within 3 working days"", ""Last Date of Admission"": ""20th August 2026""}"
B.Design (Interior and Furniture),P742-NN1,TypeB (UG Design),"{""Online Registration Starts on"": ""1st August  2026 onwards"", ""Slot Booking for Online Examination"": ""15th August 2026"", ""Last date to apply & book slot"": ""15th August 2026\n17th August 2026"", ""Dates of Entrance Examination #"": ""4th August onwards"", ""Display of Result"": ""Within 3 working days"", ""Last Date of Admission"": ""20th August 2026""}"
B.Design (Product and Industrial),P742-NN2,TypeB (UG Design),"{""Online Registration Starts on"": ""1st August  2026 onwards"", ""Slot Booking for Online Examination"": ""15th August 2026"", ""Last date to apply & book slot"": ""15th August 2026\n17th August 2026"", ""Dates of Entrance Examination #"": ""4th August onwards"", ""Display of Result"": ""Within 3 working days"", ""Last Date of Admission"": ""20th August 2026""}"
B.Design (UI/UX),P742-NNM,TypeB (UG Design),"{""Online Registration Starts on"": ""1st August  2026 onwards"", ""Slot Booking for Online Examination"": ""15th August 2026"", ""Last date to apply & book slot"": ""15th August 2026\n17th August 2026"", ""Dates of Entrance Examination #"": ""4th August onwards"", ""Display of Result"": ""Within 3 working days"", ""Last Date of Admission"": ""20th August 2026""}"
B.Sc. (Fashion Design),P722-NNF,TypeB (UG Design),"{""Online Registration Starts on"": ""1st August  2026 onwards"", ""Slot Booking for Online Examination"": ""15th August 2026"", ""Last date to apply & book slot"": ""15th August 2026\n17th August 2026"", ""Dates of Entrance Examination #"": ""4th August onwards"", ""Display of Result"": ""Within 3 working days"", ""Last Date of Admission"": ""20th August 2026""}"
B.Design (Fashion),P742-NN3,TypeB (UG Design),"{""Online Registration Starts on"": ""1st August  2026 onwards"", ""Slot Booking for Online Examination"": ""15th August 2026"", ""Last date to apply & book slot"": ""15th August 2026\n17th August 2026"", ""Dates of Entrance Examination #"": ""4th August onwards"", ""Display of Result"": ""Within 3 working days"", ""Last Date of Admission"": ""20th August 2026""}"
B Design (Fashion) [ 2+2 with international credit transfer option],P742-YN3,TypeB (UG Design),"{""Online Registration Starts on"": ""1st August  2026 onwards"", ""Slot Booking for Online Examination"": ""15th August 2026"", ""Last date to apply & book slot"": ""15th August 2026\n17th August 2026"", ""Dates of Entrance Examination #"": ""4th August onwards"", ""Display of Result"": ""Within 3 working days"", ""Last Date of Admission"": ""20th August 2026""}"
B.Sc. (Animation and VFX Design),P722-NNL,TypeB (UG Design),"{""Online Registration Starts on"": ""1st August  2026 onwards"", ""Slot Booking for Online Examination"": ""15th August 2026"", ""Last date to apply & book slot"": ""15th August 2026\n17th August 2026"", ""Dates of Entrance Examination #"": ""4th August onwards"", ""Display of Result"": ""Within 3 working days"", ""Last Date of Admission"": ""20th August 2026""}"
B.Design (Animation and VFX),P742-NNL,TypeB (UG Design),"{""Online Registration Starts on"": ""1st August  2026 onwards"", ""Slot Booking for Online Examination"": ""15th August 2026"", ""Last date to apply & book slot"": ""15th August 2026\n17th August 2026"", ""Dates of Entrance Examination #"": ""4th August onwards"", ""Display of Result"": ""Within 3 working days"", ""Last Date of Admission"": ""20th August 2026""}"
B.Sc. (Gaming Design),P722-NNG,TypeB (UG Design),"{""Online Registration Starts on"": ""1st August  2026 onwards"", ""Slot Booking for Online Examination"": ""15th August 2026"", ""Last date to apply & book slot"": ""15th August 2026\n17th August 2026"", ""Dates of Entrance Examination #"": ""4th August onwards"", ""Display of Result"": ""Within 3 working days"", ""Last Date of Admission"": ""20th August 2026""}"
B.Design (Gaming),P742-NN8,TypeB (UG Design),"{""Online Registration Starts on"": ""1st August  2026 onwards"", ""Slot Booking for Online Examination"": ""15th August 2026"", ""Last date to apply & book slot"": ""15th August 2026\n17th August 2026"", ""Dates of Entrance Examination #"": ""4th August onwards"", ""Display of Result"": ""Within 3 working days"", ""Last Date of Admission"": ""20th August 2026""}"
B.Sc. (Graphics Design),P722-NNH,TypeB (UG Design),"{""Online Registration Starts on"": ""1st August  2026 onwards"", ""Slot Booking for Online Examination"": ""15th August 2026"", ""Last date to apply & book slot"": ""15th August 2026\n17th August 2026"", ""Dates of Entrance Examination #"": ""4th August onwards"", ""Display of Result"": ""Within 3 working days"", ""Last Date of Admission"": ""20th August 2026""}"
B.Design (Graphics),P742-NN5,TypeB (UG Design),"{""Online Registration Starts on"": ""1st August  2026 onwards"", ""Slot Booking for Online Examination"": ""15th August 2026"", ""Last date to apply & book slot"": ""15th August 2026\n17th August 2026"", ""Dates of Entrance Examination #"": ""4th August onwards"", ""Display of Result"": ""Within 3 working days"", ""Last Date of Admission"": ""20th August 2026""}"
B.A. (Fine Arts),P421,Type C,"{""Last Date of Admission"": ""20th August 2026"", ""Dates of Scholarship Examination"": ""Till 22nd August 2026"", ""Scholarship Result"": ""Within 3 working days""}"
Bachelor of Fine Arts (BFA),P441,Type C,"{""Last Date of Admission"": ""20th August 2026"", ""Dates of Scholarship Examination"": ""Till 22nd August 2026"", ""Scholarship Result"": ""Within 3 working days""}"
B.A. (Journalism and Mass Communication),P724,Type C,"{""Last Date of Admission"": ""20th August 2026"", ""Dates of Scholarship Examination"": ""Till 22nd August 2026"", ""Scholarship Result"": ""Within 3 working days""}"
B.Sc. (Film and TV Production),P727,Type C,"{""Last Date of Admission"": ""20th August 2026"", ""Dates of Scholarship Examination"": ""Till 22nd August 2026"", ""Scholarship Result"": ""Within 3 working days""}"
B.Design (Film and TV Production),P742-NN6,Type C,"{""Last Date of Admission"": ""20th August 2026"", ""Dates of Scholarship Examination"": ""Till 22nd August 2026"", ""Scholarship Result"": ""Within 3 working days""}"
Diploma in Library and Information Sciences (D. Lib.I.Sc.),P41B,Type C,"{""Last Date of Admission"": ""20th August 2026"", ""Dates of Scholarship Examination"": ""Till 22nd August 2026"", ""Scholarship Result"": ""Within 3 working days""}"
B.A. (Music Vocal),P422-NN5,Type C,"{""Last Date of Admission"": ""20th August 2026"", ""Dates of Scholarship Examination"": ""Till 22nd August 2026"", ""Scholarship Result"": ""Within 3 working days""}"
B.A. (Theatre),P422-NN7,Type C,"{""Last Date of Admission"": ""20th August 2026"", ""Dates of Scholarship Examination"": ""Till 22nd August 2026"", ""Scholarship Result"": ""Within 3 working days""}"
BPA (Music Vocal),P442-NN5,Type C,"{""Last Date of Admission"": ""20th August 2026"", ""Dates of Scholarship Examination"": ""Till 22nd August 2026"", ""Scholarship Result"": ""Within 3 working days""}"
BPA (Theatre),P442-NN7,Type C,"{""Last Date of Admission"": ""20th August 2026"", ""Dates of Scholarship Examination"": ""Till 22nd August 2026"", ""Scholarship Result"": ""Within 3 working days""}"
Bachelor in Clinical Psychology (B.Clin. Psy),P44G-HN2,B.Sc (Clinical Psychology),"{""Online Registration Starts on"": ""3rd June 2026 onwards"", ""Slot Booking for Online Examination"": ""3rd June 2026 onwards"", ""Last date to apply & book slot"": ""30th June 2026"", ""Dates of Entrance Examination #"": ""6th June to 5th July"", ""Scorecard Release"": ""Within 48 hours"", ""Final Merit list and seat allocation"": ""6th July 2026"", ""Last Date of Admission"": ""10th July 2026""}"
Bachelor of Psychology (B.Psy),P44A-NN3,Type B (all tests),"{""Online Registration Starts on"": ""1st August 2026 onwards"", ""Slot Booking for Online Examination"": ""1st August  2026 onwards"", ""Last date to apply & book slot"": ""15th August 2026\n17th August 2026"", ""Dates of Entrance Examination #"": ""4th August onwards"", ""Display of Result"": ""Within 3 working days"", ""Last Date of Admission"": ""20th August 2026""}"
Bachelor of Arts (B.A.),P420,Type C,"{""Last Date of Admission"": ""20th August 2026"", ""Dates of Scholarship Examination"": ""Till 22nd August 2026"", ""Scholarship Result"": ""Within 3 working days""}"
B.A. (Hons.)/ (Hons. with Research) English Political Science History Sociology Geography Psychology Punjabi Public Administration,P440-HN4,Type C,"{""Last Date of Admission"": ""20th August 2026"", ""Dates of Scholarship Examination"": ""Till 22nd August 2026"", ""Scholarship Result"": ""Within 3 working days""}"
B.A. (Social Science),P420-NN7,Type C,"{""Last Date of Admission"": ""20th August 2026"", ""Dates of Scholarship Examination"": ""Till 22nd August 2026"", ""Scholarship Result"": ""Within 3 working days""}"
Bachelor of Social Work (BSW),P42K,Type C,"{""Last Date of Admission"": ""20th August 2026"", ""Dates of Scholarship Examination"": ""Till 22nd August 2026"", ""Scholarship Result"": ""Within 3 working days""}"
Bachelor of Social Work (Hons.)/ (Hons with Research),P44K-H,Type C,"{""Last Date of Admission"": ""20th August 2026"", ""Dates of Scholarship Examination"": ""Till 22nd August 2026"", ""Scholarship Result"": ""Within 3 working days""}"
B.Sc. (Public Policy),P42I,Type C,"{""Last Date of Admission"": ""20th August 2026"", ""Dates of Scholarship Examination"": ""Till 22nd August 2026"", ""Scholarship Result"": ""Within 3 working days""}"
B.Sc. (Health and Physical Education),P622,Type C,"{""Last Date of Admission"": ""20th August 2026"", ""Dates of Scholarship Examination"": ""Till 22nd August 2026"", ""Scholarship Result"": ""Within 3 working days""}"
Bachelor of Physical Education and Sports (BPES),P625,Type C,"{""Last Date of Admission"": ""20th August 2026"", ""Dates of Scholarship Examination"": ""Till 22nd August 2026"", ""Scholarship Result"": ""Within 3 working days""}"
B.A. B.Ed. Spl. Ed. (Multiple Disability – Preparatory Stage) - ISITEP,P49M-NK2,Type B (all tests),"{""Online Registration Starts on"": ""1st August 2026 onwards"", ""Slot Booking for Online Examination"": ""1st August  2026 onwards"", ""Last date to apply & book slot"": ""15th August 2026\n17th August 2026"", ""Dates of Entrance Examination #"": ""4th August onwards"", ""Display of Result"": ""Within 3 working days"", ""Last Date of Admission"": ""20th August 2026""}"
B.A. B.Ed. (Secondary Stage) - Four Year Integrated Teacher Education Programme (ITEP),P490-NK5,Type C,"{""Last Date of Admission"": ""20th August 2026"", ""Dates of Scholarship Examination"": ""Till 22nd August 2026"", ""Scholarship Result"": ""Within 3 working days""}"
B.Sc. B.Ed. (Secondary Stage) - Four Year Integrated Teacher Education Programme (ITEP),P29A-NKF,Type C,"{""Last Date of Admission"": ""20th August 2026"", ""Dates of Scholarship Examination"": ""Till 22nd August 2026"", ""Scholarship Result"": ""Within 3 working days""}"
B.Pharm.,P540-NNN-D,Type B (all tests),"{""Online Registration Starts on"": ""1st August 2026 onwards"", ""Slot Booking for Online Examination"": ""1st August  2026 onwards"", ""Last date to apply & book slot"": ""15th August 2026\n17th August 2026"", ""Dates of Entrance Examination #"": ""4th August onwards"", ""Display of Result"": ""Within 3 working days"", ""Last Date of Admission"": ""20th August 2026""}"
Pharm. D (Doctor of Pharmacy),P5K0-NNKA,Type B (all tests),"{""Online Registration Starts on"": ""1st August 2026 onwards"", ""Slot Booking for Online Examination"": ""1st August  2026 onwards"", ""Last date to apply & book slot"": ""15th August 2026\n17th August 2026"", ""Dates of Entrance Examination #"": ""4th August onwards"", ""Display of Result"": ""Within 3 working days"", ""Last Date of Admission"": ""20th August 2026""}"
Bachelor of Physiotherapy (B.PT),P542-NNCA,Type B (all tests),"{""Online Registration Starts on"": ""1st August 2026 onwards"", ""Slot Booking for Online Examination"": ""1st August  2026 onwards"", ""Last date to apply & book slot"": ""15th August 2026\n17th August 2026"", ""Dates of Entrance Examination #"": ""4th August onwards"", ""Display of Result"": ""Within 3 working days"", ""Last Date of Admission"": ""20th August 2026""}"
Bachelor of Medical Laboratory Science,P541-NNJ,Type C,"{""Last Date of Admission"": ""20th August 2026"", ""Dates of Scholarship Examination"": ""Till 22nd August 2026"", ""Scholarship Result"": ""Within 3 working days""}"
Bachelor of Anaesthesia and Operation Theatre Technology,P541-NNK,Type C,"{""Last Date of Admission"": ""20th August 2026"", ""Dates of Scholarship Examination"": ""Till 22nd August 2026"", ""Scholarship Result"": ""Within 3 working days""}"
Bachelor of Optometry,P541-NND,Type C,"{""Last Date of Admission"": ""20th August 2026"", ""Dates of Scholarship Examination"": ""Till 22nd August 2026"", ""Scholarship Result"": ""Within 3 working days""}"
Bachelor of Cardiovascular Technology,P541-NNH,Type C,"{""Last Date of Admission"": ""20th August 2026"", ""Dates of Scholarship Examination"": ""Till 22nd August 2026"", ""Scholarship Result"": ""Within 3 working days""}"
Bachelor of Medical Radiology and Imaging Technology,P541-NNE,Type C,"{""Last Date of Admission"": ""20th August 2026"", ""Dates of Scholarship Examination"": ""Till 22nd August 2026"", ""Scholarship Result"": ""Within 3 working days""}"
B.Sc. (Clinical Embryology),P548,Type C,"{""Last Date of Admission"": ""20th August 2026"", ""Dates of Scholarship Examination"": ""Till 22nd August 2026"", ""Scholarship Result"": ""Within 3 working days""}"
Diploma (Engg.) Electronics and Comm. Engg. (ECE) [Lateral Entry],P105-L,Type C,"{""Last Date of Admission"": ""20th August 2026"", ""Dates of Scholarship Examination"": ""Till 22nd August 2026"", ""Scholarship Result"": ""Within 3 working days""}"
Diploma (Engg.) Computer Sc. and Engg. (CSE) [Lateral Entry],P102-L,Type C,"{""Last Date of Admission"": ""20th August 2026"", ""Dates of Scholarship Examination"": ""Till 22nd August 2026"", ""Scholarship Result"": ""Within 3 working days""}"
Diploma (Engg.) AI and ML [Lateral Entry],P102-LNP,Type C,"{""Last Date of Admission"": ""20th August 2026"", ""Dates of Scholarship Examination"": ""Till 22nd August 2026"", ""Scholarship Result"": ""Within 3 working days""}"
Diploma (Engg.) Mechanical Engg. (ME) [Lateral Entry],P108-L,Type C,"{""Last Date of Admission"": ""20th August 2026"", ""Dates of Scholarship Examination"": ""Till 22nd August 2026"", ""Scholarship Result"": ""Within 3 working days""}"
Diploma (Engg.) Civil Engg. (CE) [Lateral Entry],P107-L,Type C,"{""Last Date of Admission"": ""20th August 2026"", ""Dates of Scholarship Examination"": ""Till 22nd August 2026"", ""Scholarship Result"": ""Within 3 working days""}"
B.Tech. (Electronics and Communication Engineering) [Lateral Entry],P135-L,Type B (all tests),"{""Online Registration Starts on"": ""1st August 2026 onwards"", ""Slot Booking for Online Examination"": ""1st August  2026 onwards"", ""Last date to apply & book slot"": ""15th August 2026\n17th August 2026"", ""Dates of Entrance Examination #"": ""4th August onwards"", ""Display of Result"": ""Within 3 working days"", ""Last Date of Admission"": ""20th August 2026""}"
B.Tech. (Computer Science and Engineering) [Lateral Entry],P132-L,Type B (all tests),"{""Online Registration Starts on"": ""1st August 2026 onwards"", ""Slot Booking for Online Examination"": ""1st August  2026 onwards"", ""Last date to apply & book slot"": ""15th August 2026\n17th August 2026"", ""Dates of Entrance Examination #"": ""4th August onwards"", ""Display of Result"": ""Within 3 working days"", ""Last Date of Admission"": ""20th August 2026""}"
B.Tech. (CSE - AI and ML) [Lateral Entry],P132-LNP,Type B (all tests),"{""Online Registration Starts on"": ""1st August 2026 onwards"", ""Slot Booking for Online Examination"": ""1st August  2026 onwards"", ""Last date to apply & book slot"": ""15th August 2026\n17th August 2026"", ""Dates of Entrance Examination #"": ""4th August onwards"", ""Display of Result"": ""Within 3 working days"", ""Last Date of Admission"": ""20th August 2026""}"
B.Tech. (Information Technology) [Lateral Entry],P133-L,Type B (all tests),"{""Online Registration Starts on"": ""1st August 2026 onwards"", ""Slot Booking for Online Examination"": ""1st August  2026 onwards"", ""Last date to apply & book slot"": ""15th August 2026\n17th August 2026"", ""Dates of Entrance Examination #"": ""4th August onwards"", ""Display of Result"": ""Within 3 working days"", ""Last Date of Admission"": ""20th August 2026""}"
B.Tech. (Mechanical Engineering) [Lateral Entry],P138-L,Type B (all tests),"{""Online Registration Starts on"": ""1st August 2026 onwards"", ""Slot Booking for Online Examination"": ""1st August  2026 onwards"", ""Last date to apply & book slot"": ""15th August 2026\n17th August 2026"", ""Dates of Entrance Examination #"": ""4th August onwards"", ""Display of Result"": ""Within 3 working days"", ""Last Date of Admission"": ""20th August 2026""}"
B.Tech. (ME - Mechatronics) [Lateral Entry],P138-LN1,Type B (all tests),"{""Online Registration Starts on"": ""1st August 2026 onwards"", ""Slot Booking for Online Examination"": ""1st August  2026 onwards"", ""Last date to apply & book slot"": ""15th August 2026\n17th August 2026"", ""Dates of Entrance Examination #"": ""4th August onwards"", ""Display of Result"": ""Within 3 working days"", ""Last Date of Admission"": ""20th August 2026""}"
B.Tech. (Civil Engineering) [Lateral Entry],P137-L,Type B (all tests),"{""Online Registration Starts on"": ""1st August 2026 onwards"", ""Slot Booking for Online Examination"": ""1st August  2026 onwards"", ""Last date to apply & book slot"": ""15th August 2026\n17th August 2026"", ""Dates of Entrance Examination #"": ""4th August onwards"", ""Display of Result"": ""Within 3 working days"", ""Last Date of Admission"": ""20th August 2026""}"
B.Tech. (Construction Technology) [Lateral Entry] [To be offered to only L & T diploma holders),P137-LN1,Type B (all tests),"{""Online Registration Starts on"": ""1st August 2026 onwards"", ""Slot Booking for Online Examination"": ""1st August  2026 onwards"", ""Last date to apply & book slot"": ""15th August 2026\n17th August 2026"", ""Dates of Entrance Examination #"": ""4th August onwards"", ""Display of Result"": ""Within 3 working days"", ""Last Date of Admission"": ""20th August 2026""}"
B.Tech. (Electrical Engineering) [Lateral Entry],P136-L,Type B (all tests),"{""Online Registration Starts on"": ""1st August 2026 onwards"", ""Slot Booking for Online Examination"": ""1st August  2026 onwards"", ""Last date to apply & book slot"": ""15th August 2026\n17th August 2026"", ""Dates of Entrance Examination #"": ""4th August onwards"", ""Display of Result"": ""Within 3 working days"", ""Last Date of Admission"": ""20th August 2026""}"
B.Tech. (Electrical and Electronics Engineering) [Lateral Entry],P13A-L,Type B (all tests),"{""Online Registration Starts on"": ""1st August 2026 onwards"", ""Slot Booking for Online Examination"": ""1st August  2026 onwards"", ""Last date to apply & book slot"": ""15th August 2026\n17th August 2026"", ""Dates of Entrance Examination #"": ""4th August onwards"", ""Display of Result"": ""Within 3 working days"", ""Last Date of Admission"": ""20th August 2026""}"
B.Tech. (Robotics and Automation) [Lateral Entry],P13AF-L,Type B (all tests),"{""Online Registration Starts on"": ""1st August 2026 onwards"", ""Slot Booking for Online Examination"": ""1st August  2026 onwards"", ""Last date to apply & book slot"": ""15th August 2026\n17th August 2026"", ""Dates of Entrance Examination #"": ""4th August onwards"", ""Display of Result"": ""Within 3 working days"", ""Last Date of Admission"": ""20th August 2026""}"
B.Tech. (Biotechnology) [Lateral Entry],P131-L,Type B (all tests),"{""Online Registration Starts on"": ""1st August 2026 onwards"", ""Slot Booking for Online Examination"": ""1st August  2026 onwards"", ""Last date to apply & book slot"": ""15th August 2026\n17th August 2026"", ""Dates of Entrance Examination #"": ""4th August onwards"", ""Display of Result"": ""Within 3 working days"", ""Last Date of Admission"": ""20th August 2026""}"
B.Tech. (Food Technology) [Lateral Entry],P13Q-L,Type B (all tests),"{""Online Registration Starts on"": ""1st August 2026 onwards"", ""Slot Booking for Online Examination"": ""1st August  2026 onwards"", ""Last date to apply & book slot"": ""15th August 2026\n17th August 2026"", ""Dates of Entrance Examination #"": ""4th August onwards"", ""Display of Result"": ""Within 3 working days"", ""Last Date of Admission"": ""20th August 2026""}"
B.Tech. (Automobile Engineering) [Lateral Entry],P139-L,Type B (all tests),"{""Online Registration Starts on"": ""1st August 2026 onwards"", ""Slot Booking for Online Examination"": ""1st August  2026 onwards"", ""Last date to apply & book slot"": ""15th August 2026\n17th August 2026"", ""Dates of Entrance Examination #"": ""4th August onwards"", ""Display of Result"": ""Within 3 working days"", ""Last Date of Admission"": ""20th August 2026""}"
B.Tech. (Aerospace Engineering) [Lateral Entry],P13E-L,Type B (all tests),"{""Online Registration Starts on"": ""1st August 2026 onwards"", ""Slot Booking for Online Examination"": ""1st August  2026 onwards"", ""Last date to apply & book slot"": ""15th August 2026\n17th August 2026"", ""Dates of Entrance Examination #"": ""4th August onwards"", ""Display of Result"": ""Within 3 working days"", ""Last Date of Admission"": ""20th August 2026""}"
B.Tech. (Chemical Engineering) [Lateral Entry],P13C-L,Type B (all tests),"{""Online Registration Starts on"": ""1st August 2026 onwards"", ""Slot Booking for Online Examination"": ""1st August  2026 onwards"", ""Last date to apply & book slot"": ""15th August 2026\n17th August 2026"", ""Dates of Entrance Examination #"": ""4th August onwards"", ""Display of Result"": ""Within 3 working days"", ""Last Date of Admission"": ""20th August 2026""}"
B.Tech. (Biomedical Engineering) [Lateral Entry],P13O-L,Type B (all tests),"{""Online Registration Starts on"": ""1st August 2026 onwards"", ""Slot Booking for Online Examination"": ""1st August  2026 onwards"", ""Last date to apply & book slot"": ""15th August 2026\n17th August 2026"", ""Dates of Entrance Examination #"": ""4th August onwards"", ""Display of Result"": ""Within 3 working days"", ""Last Date of Admission"": ""20th August 2026""}"
BCA [Lateral Entry],P124-L,Type C,"{""Last Date of Admission"": ""20th August 2026"", ""Dates of Scholarship Examination"": ""Till 22nd August 2026"", ""Scholarship Result"": ""Within 3 working days""}"
B.Sc. (Information Technology) [Lateral Entry],P123-L,Type C,"{""Last Date of Admission"": ""20th August 2026"", ""Dates of Scholarship Examination"": ""Till 22nd August 2026"", ""Scholarship Result"": ""Within 3 working days""}"
BBA [Lateral Entry],P321-L,Type C,"{""Last Date of Admission"": ""20th August 2026"", ""Dates of Scholarship Examination"": ""Till 22nd August 2026"", ""Scholarship Result"": ""Within 3 working days""}"
B.Com. [Lateral Entry],P322-L,Type C,"{""Last Date of Admission"": ""20th August 2026"", ""Dates of Scholarship Examination"": ""Till 22nd August 2026"", ""Scholarship Result"": ""Within 3 working days""}"
B.Sc. (Hotel and Hospitality Management) [Lateral Entry],P324-LN8,Type C,"{""Last Date of Admission"": ""20th August 2026"", ""Dates of Scholarship Examination"": ""Till 22nd August 2026"", ""Scholarship Result"": ""Within 3 working days""}"
Bachelor of Hotel Mgt and Catering Technology (BHMCT) [Lateral Entry],P344-L,Type C,"{""Last Date of Admission"": ""20th August 2026"", ""Dates of Scholarship Examination"": ""Till 22nd August 2026"", ""Scholarship Result"": ""Within 3 working days""}"
"B.Sc. (Airlines, Tourism and Hospitality) [Lateral Entry]",P325-L,Type C,"{""Last Date of Admission"": ""20th August 2026"", ""Dates of Scholarship Examination"": ""Till 22nd August 2026"", ""Scholarship Result"": ""Within 3 working days""}"
B.Sc. (Interior and Furniture Design) [Lateral Entry],P722-LNJ,Type C,"{""Last Date of Admission"": ""20th August 2026"", ""Dates of Scholarship Examination"": ""Till 22nd August 2026"", ""Scholarship Result"": ""Within 3 working days""}"
B.Design (Interior and Furniture) [Lateral Entry],P742-LN1,Type C,"{""Last Date of Admission"": ""20th August 2026"", ""Dates of Scholarship Examination"": ""Till 22nd August 2026"", ""Scholarship Result"": ""Within 3 working days""}"
B.Design (Product and Industrial) [Lateral Entry],P742-LN2,Type C,"{""Last Date of Admission"": ""20th August 2026"", ""Dates of Scholarship Examination"": ""Till 22nd August 2026"", ""Scholarship Result"": ""Within 3 working days""}"
B.Design (UI/UX) [Lateral Entry],P742-LNM,Type C,"{""Last Date of Admission"": ""20th August 2026"", ""Dates of Scholarship Examination"": ""Till 22nd August 2026"", ""Scholarship Result"": ""Within 3 working days""}"
B.Sc. (Fashion Design) [Lateral Entry],P722-LNF,Type C,"{""Last Date of Admission"": ""20th August 2026"", ""Dates of Scholarship Examination"": ""Till 22nd August 2026"", ""Scholarship Result"": ""Within 3 working days""}"
B.Design (Fashion) [Lateral Entry],P742-LN3,Type C,"{""Last Date of Admission"": ""20th August 2026"", ""Dates of Scholarship Examination"": ""Till 22nd August 2026"", ""Scholarship Result"": ""Within 3 working days""}"
B.Pharm. [Lateral Entry],P540-LNN-D,Type B (all tests),"{""Online Registration Starts on"": ""1st August 2026 onwards"", ""Slot Booking for Online Examination"": ""1st August  2026 onwards"", ""Last date to apply & book slot"": ""15th August 2026\n17th August 2026"", ""Dates of Entrance Examination #"": ""4th August onwards"", ""Display of Result"": ""Within 3 working days"", ""Last Date of Admission"": ""20th August 2026""}"
Bachelor of Physiotherapy (BPT) [Lateral Entry],P542-L,Type C,"{""Last Date of Admission"": ""20th August 2026"", ""Dates of Scholarship Examination"": ""Till 22nd August 2026"", ""Scholarship Result"": ""Within 3 working days""}"
B.Sc. (Medical Laboratory Technology) [Lateral Entry],P521-L,Type C,"{""Last Date of Admission"": ""20th August 2026"", ""Dates of Scholarship Examination"": ""Till 22nd August 2026"", ""Scholarship Result"": ""Within 3 working days""}"
B.Sc. (Optometry) [Lateral Entry],P521-LN5,Type C,"{""Last Date of Admission"": ""20th August 2026"", ""Dates of Scholarship Examination"": ""Till 22nd August 2026"", ""Scholarship Result"": ""Within 3 working days""}"
B.Sc. (Anaesthesia and Operation Theatre Technology) [Lateral Entry],P521-LN6,Type C,"{""Last Date of Admission"": ""20th August 2026"", ""Dates of Scholarship Examination"": ""Till 22nd August 2026"", ""Scholarship Result"": ""Within 3 working days""}"
B.Sc. (Medical Radiology and Imaging Technology) [Lateral Entry],P521-LNC,Type C,"{""Last Date of Admission"": ""20th August 2026"", ""Dates of Scholarship Examination"": ""Till 22nd August 2026"", ""Scholarship Result"": ""Within 3 working days""}"
B.Sc. (Cardiovascular Technology) [Lateral Entry],P521-LN7,Type C,"{""Last Date of Admission"": ""20th August 2026"", ""Dates of Scholarship Examination"": ""Till 22nd August 2026"", ""Scholarship Result"": ""Within 3 working days""}"
MBA,P371-NNAF,Type B (MBA),"{""Online Registration Starts on"": ""1st August 2026 onwards"", ""Slot Booking for Online Examination"": ""1st August  2026 onwards"", ""Last date to apply & book slot"": ""15th August 2026\n17th August 2026"", ""Dates of Entrance Examination"": ""4th August onwards"", ""Last date to upload Video Essay"": ""Exam date + 1 day\nFor Example : If candidate has appeared for exam on 13th August, then last date to upload Video essay is 14th August."", ""Display of Result"": ""Within 3 working days"", ""Slot booking for Interview"": ""Candidate can opt. for any preferred interview slot within 2-7 days after the declaration of LPUNEST result subject to last date 19th August. For Example: If result is declared on 10th August 2026, Interview can be scheduled on any day between 12th  to 17th August 2026."", ""Dates of Interview"": """", ""Result for Interview"": ""Within 24 working hours"", ""Last Date of Admission"": ""20th August 2026""}"
MBA [ 1+1 with international credit transfer option],P371-YNAF,Type B (MBA),"{""Online Registration Starts on"": ""1st August 2026 onwards"", ""Slot Booking for Online Examination"": ""1st August  2026 onwards"", ""Last date to apply & book slot"": ""15th August 2026\n17th August 2026"", ""Dates of Entrance Examination"": ""4th August onwards"", ""Last date to upload Video Essay"": ""Exam date + 1 day\nFor Example : If candidate has appeared for exam on 13th August, then last date to upload Video essay is 14th August."", ""Display of Result"": ""Within 3 working days"", ""Slot booking for Interview"": ""Candidate can opt. for any preferred interview slot within 2-7 days after the declaration of LPUNEST result subject to last date 19th August. For Example: If result is declared on 10th August 2026, Interview can be scheduled on any day between 12th  to 17th August 2026."", ""Dates of Interview"": """", ""Result for Interview"": ""Within 24 working hours"", ""Last Date of Admission"": ""20th August 2026""}"
MBA (International Business),P370-NN2F,Type B (MBA),"{""Online Registration Starts on"": ""1st August 2026 onwards"", ""Slot Booking for Online Examination"": ""1st August  2026 onwards"", ""Last date to apply & book slot"": ""15th August 2026\n17th August 2026"", ""Dates of Entrance Examination"": ""4th August onwards"", ""Last date to upload Video Essay"": ""Exam date + 1 day\nFor Example : If candidate has appeared for exam on 13th August, then last date to upload Video essay is 14th August."", ""Display of Result"": ""Within 3 working days"", ""Slot booking for Interview"": ""Candidate can opt. for any preferred interview slot within 2-7 days after the declaration of LPUNEST result subject to last date 19th August. For Example: If result is declared on 10th August 2026, Interview can be scheduled on any day between 12th  to 17th August 2026."", ""Dates of Interview"": """", ""Result for Interview"": ""Within 24 working hours"", ""Last Date of Admission"": ""20th August 2026""}"
MBA (Hospital and Healthcare Management),P370-NN3F,Type B (MBA),"{""Online Registration Starts on"": ""1st August 2026 onwards"", ""Slot Booking for Online Examination"": ""1st August  2026 onwards"", ""Last date to apply & book slot"": ""15th August 2026\n17th August 2026"", ""Dates of Entrance Examination"": ""4th August onwards"", ""Last date to upload Video Essay"": ""Exam date + 1 day\nFor Example : If candidate has appeared for exam on 13th August, then last date to upload Video essay is 14th August."", ""Display of Result"": ""Within 3 working days"", ""Slot booking for Interview"": ""Candidate can opt. for any preferred interview slot within 2-7 days after the declaration of LPUNEST result subject to last date 19th August. For Example: If result is declared on 10th August 2026, Interview can be scheduled on any day between 12th  to 17th August 2026."", ""Dates of Interview"": """", ""Result for Interview"": ""Within 24 working hours"", ""Last Date of Admission"": ""20th August 2026""}"
MBA (Digital and Social Media Marketing),P370-NNAF,Type B (MBA),"{""Online Registration Starts on"": ""1st August 2026 onwards"", ""Slot Booking for Online Examination"": ""1st August  2026 onwards"", ""Last date to apply & book slot"": ""15th August 2026\n17th August 2026"", ""Dates of Entrance Examination"": ""4th August onwards"", ""Last date to upload Video Essay"": ""Exam date + 1 day\nFor Example : If candidate has appeared for exam on 13th August, then last date to upload Video essay is 14th August."", ""Display of Result"": ""Within 3 working days"", ""Slot booking for Interview"": ""Candidate can opt. for any preferred interview slot within 2-7 days after the declaration of LPUNEST result subject to last date 19th August. For Example: If result is declared on 10th August 2026, Interview can be scheduled on any day between 12th  to 17th August 2026."", ""Dates of Interview"": """", ""Result for Interview"": ""Within 24 working hours"", ""Last Date of Admission"": ""20th August 2026""}"
MBA (Business Analytics),P370-NNBF,Type B (MBA),"{""Online Registration Starts on"": ""1st August 2026 onwards"", ""Slot Booking for Online Examination"": ""1st August  2026 onwards"", ""Last date to apply & book slot"": ""15th August 2026\n17th August 2026"", ""Dates of Entrance Examination"": ""4th August onwards"", ""Last date to upload Video Essay"": ""Exam date + 1 day\nFor Example : If candidate has appeared for exam on 13th August, then last date to upload Video essay is 14th August."", ""Display of Result"": ""Within 3 working days"", ""Slot booking for Interview"": ""Candidate can opt. for any preferred interview slot within 2-7 days after the declaration of LPUNEST result subject to last date 19th August. For Example: If result is declared on 10th August 2026, Interview can be scheduled on any day between 12th  to 17th August 2026."", ""Dates of Interview"": """", ""Result for Interview"": ""Within 24 working hours"", ""Last Date of Admission"": ""20th August 2026""}"
MBA (Supply Chain and Logistics),P370-NN7F,Type B (MBA),"{""Online Registration Starts on"": ""1st August 2026 onwards"", ""Slot Booking for Online Examination"": ""1st August  2026 onwards"", ""Last date to apply & book slot"": ""15th August 2026\n17th August 2026"", ""Dates of Entrance Examination"": ""4th August onwards"", ""Last date to upload Video Essay"": ""Exam date + 1 day\nFor Example : If candidate has appeared for exam on 13th August, then last date to upload Video essay is 14th August."", ""Display of Result"": ""Within 3 working days"", ""Slot booking for Interview"": ""Candidate can opt. for any preferred interview slot within 2-7 days after the declaration of LPUNEST result subject to last date 19th August. For Example: If result is declared on 10th August 2026, Interview can be scheduled on any day between 12th  to 17th August 2026."", ""Dates of Interview"": """", ""Result for Interview"": ""Within 24 working hours"", ""Last Date of Admission"": ""20th August 2026""}"
MBA (Financial Markets),P370-NN6F,Type B (MBA),"{""Online Registration Starts on"": ""1st August 2026 onwards"", ""Slot Booking for Online Examination"": ""1st August  2026 onwards"", ""Last date to apply & book slot"": ""15th August 2026\n17th August 2026"", ""Dates of Entrance Examination"": ""4th August onwards"", ""Last date to upload Video Essay"": ""Exam date + 1 day\nFor Example : If candidate has appeared for exam on 13th August, then last date to upload Video essay is 14th August."", ""Display of Result"": ""Within 3 working days"", ""Slot booking for Interview"": ""Candidate can opt. for any preferred interview slot within 2-7 days after the declaration of LPUNEST result subject to last date 19th August. For Example: If result is declared on 10th August 2026, Interview can be scheduled on any day between 12th  to 17th August 2026."", ""Dates of Interview"": """", ""Result for Interview"": ""Within 24 working hours"", ""Last Date of Admission"": ""20th August 2026""}"
MBA (Data Science and Artificial Intelligence),P370-NNAB,Type B (MBA),"{""Online Registration Starts on"": ""1st August 2026 onwards"", ""Slot Booking for Online Examination"": ""1st August  2026 onwards"", ""Last date to apply & book slot"": ""15th August 2026\n17th August 2026"", ""Dates of Entrance Examination"": ""4th August onwards"", ""Last date to upload Video Essay"": ""Exam date + 1 day\nFor Example : If candidate has appeared for exam on 13th August, then last date to upload Video essay is 14th August."", ""Display of Result"": ""Within 3 working days"", ""Slot booking for Interview"": ""Candidate can opt. for any preferred interview slot within 2-7 days after the declaration of LPUNEST result subject to last date 19th August. For Example: If result is declared on 10th August 2026, Interview can be scheduled on any day between 12th  to 17th August 2026."", ""Dates of Interview"": """", ""Result for Interview"": ""Within 24 working hours"", ""Last Date of Admission"": ""20th August 2026""}"
MBA (Fintech and Artificial Intelligence),P370-NNZ,Type B (MBA),"{""Online Registration Starts on"": ""1st August 2026 onwards"", ""Slot Booking for Online Examination"": ""1st August  2026 onwards"", ""Last date to apply & book slot"": ""15th August 2026\n17th August 2026"", ""Dates of Entrance Examination"": ""4th August onwards"", ""Last date to upload Video Essay"": ""Exam date + 1 day\nFor Example : If candidate has appeared for exam on 13th August, then last date to upload Video essay is 14th August."", ""Display of Result"": ""Within 3 working days"", ""Slot booking for Interview"": ""Candidate can opt. for any preferred interview slot within 2-7 days after the declaration of LPUNEST result subject to last date 19th August. For Example: If result is declared on 10th August 2026, Interview can be scheduled on any day between 12th  to 17th August 2026."", ""Dates of Interview"": """", ""Result for Interview"": ""Within 24 working hours"", ""Last Date of Admission"": ""20th August 2026""}"
M.Com.,P362,Type C,"{""Last Date of Admission"": ""20th August 2026"", ""Dates of Scholarship Examination"": ""Till 22nd August 2026"", ""Scholarship Result"": ""Within 3 working days""}"
M.Sc. (Economics),P363,Type C,"{""Last Date of Admission"": ""20th August 2026"", ""Dates of Scholarship Examination"": ""Till 22nd August 2026"", ""Scholarship Result"": ""Within 3 working days""}"
M.A. (Economics),P363-NN-1,Type C,"{""Last Date of Admission"": ""20th August 2026"", ""Dates of Scholarship Examination"": ""Till 22nd August 2026"", ""Scholarship Result"": ""Within 3 working days""}"
LL.B.,P4AE,Type C,"{""Last Date of Admission"": ""20th August 2026"", ""Dates of Scholarship Examination"": ""Till 22nd August 2026"", ""Scholarship Result"": ""Within 3 working days""}"
LL.M.,P4BE-NN1,Type C,"{""Last Date of Admission"": ""20th August 2026"", ""Dates of Scholarship Examination"": ""Till 22nd August 2026"", ""Scholarship Result"": ""Within 3 working days""}"
"MBA (Tourism, Aviation and Hospitality)",P375-NN3,Type B (MBA),"{""Online Registration Starts on"": ""1st August 2026 onwards"", ""Slot Booking for Online Examination"": ""1st August  2026 onwards"", ""Last date to apply & book slot"": ""15th August 2026\n17th August 2026"", ""Dates of Entrance Examination"": ""4th August onwards"", ""Last date to upload Video Essay"": ""Exam date + 1 day\nFor Example : If candidate has appeared for exam on 13th August, then last date to upload Video essay is 14th August."", ""Display of Result"": ""Within 3 working days"", ""Slot booking for Interview"": ""Candidate can opt. for any preferred interview slot within 2-7 days after the declaration of LPUNEST result subject to last date 19th August. For Example: If result is declared on 10th August 2026, Interview can be scheduled on any day between 12th  to 17th August 2026."", ""Dates of Interview"": """", ""Result for Interview"": ""Within 24 working hours"", ""Last Date of Admission"": ""20th August 2026""}"
M.Sc. (Interior and Furniture Design),P762-NNJ,Type C,"{""Last Date of Admission"": ""20th August 2026"", ""Dates of Scholarship Examination"": ""Till 22nd August 2026"", ""Scholarship Result"": ""Within 3 working days""}"
M.Design (Interior and Furniture),P772-NN1,Type C,"{""Last Date of Admission"": ""20th August 2026"", ""Dates of Scholarship Examination"": ""Till 22nd August 2026"", ""Scholarship Result"": ""Within 3 working days""}"
M.Sc. (UI/UX Design),P762-NNM,Type C,"{""Last Date of Admission"": ""20th August 2026"", ""Dates of Scholarship Examination"": ""Till 22nd August 2026"", ""Scholarship Result"": ""Within 3 working days""}"
M.Sc. (Fashion Design),P762-NNF,Type C,"{""Last Date of Admission"": ""20th August 2026"", ""Dates of Scholarship Examination"": ""Till 22nd August 2026"", ""Scholarship Result"": ""Within 3 working days""}"
Master of Fashion Management (MFM),P762-NNP,Type C,"{""Last Date of Admission"": ""20th August 2026"", ""Dates of Scholarship Examination"": ""Till 22nd August 2026"", ""Scholarship Result"": ""Within 3 working days""}"
M.Sc. (Animation and VFX Design),P762-NNL,Type C,"{""Last Date of Admission"": ""20th August 2026"", ""Dates of Scholarship Examination"": ""Till 22nd August 2026"", ""Scholarship Result"": ""Within 3 working days""}"
Master of Fine Arts (MFA),P471,Type C,"{""Last Date of Admission"": ""20th August 2026"", ""Dates of Scholarship Examination"": ""Till 22nd August 2026"", ""Scholarship Result"": ""Within 3 working days""}"
M.A. (Journalism and Mass Communication),P764,Type C,"{""Last Date of Admission"": ""20th August 2026"", ""Dates of Scholarship Examination"": ""Till 22nd August 2026"", ""Scholarship Result"": ""Within 3 working days""}"
M.Sc. (Film and TV Production),P767,Type C,"{""Last Date of Admission"": ""20th August 2026"", ""Dates of Scholarship Examination"": ""Till 22nd August 2026"", ""Scholarship Result"": ""Within 3 working days""}"
Master of Performing Arts (MPA),P472,Type C,"{""Last Date of Admission"": ""20th August 2026"", ""Dates of Scholarship Examination"": ""Till 22nd August 2026"", ""Scholarship Result"": ""Within 3 working days""}"
M.A. (History),P466,Type C,"{""Last Date of Admission"": ""20th August 2026"", ""Dates of Scholarship Examination"": ""Till 22nd August 2026"", ""Scholarship Result"": ""Within 3 working days""}"
M.A. (Psychology),P46A,Type C,"{""Last Date of Admission"": ""20th August 2026"", ""Dates of Scholarship Examination"": ""Till 22nd August 2026"", ""Scholarship Result"": ""Within 3 working days""}"
M.A. (Applied Psychology),P46C,Type C,"{""Last Date of Admission"": ""20th August 2026"", ""Dates of Scholarship Examination"": ""Till 22nd August 2026"", ""Scholarship Result"": ""Within 3 working days""}"
Master in Clinical Psychology (M.Clin. Psy),P46G-NN2A,Type B (BTECH_INTERVIEW),"{""Online Registration Starts on"": ""1st August 2026 onwards"", ""Slot Booking for Online Examination"": ""1st August  2026 onwards"", ""Last date to apply & book slot"": ""15th August 2026\n17th August 2026"", ""Dates of Entrance Examination #"": ""4th August onwards"", ""Display of Result"": ""Within 3 working days"", ""Slot booking for Interview"": ""Candidate can opt. for any preferred interview slot within 2-7 days after the declaration of LPUNEST result subject to last date 19th August. For Example: If result is declared on 10th August 2026, Interview can be scheduled on any day between 12th  to 17th August 2026."", ""Dates of Interview"": """", ""Result for Interview"": ""Within 24 working hours"", ""Last Date of Admission"": ""20th August 2026""}"
M.A. (Counselling Psychology),P46A-NN5,Type C,"{""Last Date of Admission"": ""20th August 2026"", ""Dates of Scholarship Examination"": ""Till 22nd August 2026"", ""Scholarship Result"": ""Within 3 working days""}"
M.Sc. (Forensic Psychology),P46A-NN2,Type C,"{""Last Date of Admission"": ""20th August 2026"", ""Dates of Scholarship Examination"": ""Till 22nd August 2026"", ""Scholarship Result"": ""Within 3 working days""}"
M.A. (Sociology),P467,Type C,"{""Last Date of Admission"": ""20th August 2026"", ""Dates of Scholarship Examination"": ""Till 22nd August 2026"", ""Scholarship Result"": ""Within 3 working days""}"
Master of Social Work (MSW),P46K,Type C,"{""Last Date of Admission"": ""20th August 2026"", ""Dates of Scholarship Examination"": ""Till 22nd August 2026"", ""Scholarship Result"": ""Within 3 working days""}"
M.A. (Political Science),P468,Type C,"{""Last Date of Admission"": ""20th August 2026"", ""Dates of Scholarship Examination"": ""Till 22nd August 2026"", ""Scholarship Result"": ""Within 3 working days""}"
M.Sc. (Public Policy),P46I-NN1,Type C,"{""Last Date of Admission"": ""20th August 2026"", ""Dates of Scholarship Examination"": ""Till 22nd August 2026"", ""Scholarship Result"": ""Within 3 working days""}"
M.Sc. (Geography),P469-NN1,Type C,"{""Last Date of Admission"": ""20th August 2026"", ""Dates of Scholarship Examination"": ""Till 22nd August 2026"", ""Scholarship Result"": ""Within 3 working days""}"
M.A. (English),P463,Type C,"{""Last Date of Admission"": ""20th August 2026"", ""Dates of Scholarship Examination"": ""Till 22nd August 2026"", ""Scholarship Result"": ""Within 3 working days""}"
Bachelor of Library and Information Sciences (B. Lib. I.Sc.),P4AB,Type C,"{""Last Date of Admission"": ""20th August 2026"", ""Dates of Scholarship Examination"": ""Till 22nd August 2026"", ""Scholarship Result"": ""Within 3 working days""}"
Master of Library and Information Sciences (M. Lib. I. Sc.),P4BB,Type C,"{""Last Date of Admission"": ""20th August 2026"", ""Dates of Scholarship Examination"": ""Till 22nd August 2026"", ""Scholarship Result"": ""Within 3 working days""}"
M.A. (Hindi),P465,Type C,"{""Last Date of Admission"": ""20th August 2026"", ""Dates of Scholarship Examination"": ""Till 22nd August 2026"", ""Scholarship Result"": ""Within 3 working days""}"
M.A. (Punjabi),P464,Type C,"{""Last Date of Admission"": ""20th August 2026"", ""Dates of Scholarship Examination"": ""Till 22nd August 2026"", ""Scholarship Result"": ""Within 3 working days""}"
B.Ed.,P6A1,Type C,"{""Last Date of Admission"": ""20th August 2026"", ""Dates of Scholarship Examination"": ""Till 22nd August 2026"", ""Scholarship Result"": ""Within 3 working days""}"
M.A. (Education),P661,Type C,"{""Last Date of Admission"": ""20th August 2026"", ""Dates of Scholarship Examination"": ""Till 22nd August 2026"", ""Scholarship Result"": ""Within 3 working days""}"
B.P.Ed.,P6A2,Type C,"{""Last Date of Admission"": ""20th August 2026"", ""Dates of Scholarship Examination"": ""Till 22nd August 2026"", ""Scholarship Result"": ""Within 3 working days""}"
M.P.Ed.,P6B2,Type C,"{""Last Date of Admission"": ""20th August 2026"", ""Dates of Scholarship Examination"": ""Till 22nd August 2026"", ""Scholarship Result"": ""Within 3 working days""}"
M.Tech. (Computer Science and Engineering),P172,Type B (all tests),"{""Online Registration Starts on"": ""1st August 2026 onwards"", ""Slot Booking for Online Examination"": ""1st August  2026 onwards"", ""Last date to apply & book slot"": ""15th August 2026\n17th August 2026"", ""Dates of Entrance Examination #"": ""4th August onwards"", ""Display of Result"": ""Within 3 working days"", ""Last Date of Admission"": ""20th August 2026""}"
M.Tech. (Computer Science and Engineering) (by Research) [1+1 with international credit transfer option],P172-YNQ,Type B (all tests),"{""Online Registration Starts on"": ""1st August 2026 onwards"", ""Slot Booking for Online Examination"": ""1st August  2026 onwards"", ""Last date to apply & book slot"": ""15th August 2026\n17th August 2026"", ""Dates of Entrance Examination #"": ""4th August onwards"", ""Display of Result"": ""Within 3 working days"", ""Last Date of Admission"": ""20th August 2026""}"
M.Tech. (Machine Learning and Artificial Intelligence),P17X,Type B (all tests),"{""Online Registration Starts on"": ""1st August 2026 onwards"", ""Slot Booking for Online Examination"": ""1st August  2026 onwards"", ""Last date to apply & book slot"": ""15th August 2026\n17th August 2026"", ""Dates of Entrance Examination #"": ""4th August onwards"", ""Display of Result"": ""Within 3 working days"", ""Last Date of Admission"": ""20th August 2026""}"
M.Tech. (Data Science and Analytics),P17AC,Type B (all tests),"{""Online Registration Starts on"": ""1st August 2026 onwards"", ""Slot Booking for Online Examination"": ""1st August  2026 onwards"", ""Last date to apply & book slot"": ""15th August 2026\n17th August 2026"", ""Dates of Entrance Examination #"": ""4th August onwards"", ""Display of Result"": ""Within 3 working days"", ""Last Date of Admission"": ""20th August 2026""}"
M.Tech. (Information Security and Cyber Forensics),P17AD,Type B (all tests),"{""Online Registration Starts on"": ""1st August 2026 onwards"", ""Slot Booking for Online Examination"": ""1st August  2026 onwards"", ""Last date to apply & book slot"": ""15th August 2026\n17th August 2026"", ""Dates of Entrance Examination #"": ""4th August onwards"", ""Display of Result"": ""Within 3 working days"", ""Last Date of Admission"": ""20th August 2026""}"
M.Tech. (Aerospace Engineering),P17E,Type B (all tests),"{""Online Registration Starts on"": ""1st August 2026 onwards"", ""Slot Booking for Online Examination"": ""1st August  2026 onwards"", ""Last date to apply & book slot"": ""15th August 2026\n17th August 2026"", ""Dates of Entrance Examination #"": ""4th August onwards"", ""Display of Result"": ""Within 3 working days"", ""Last Date of Admission"": ""20th August 2026""}"
M.Tech. (Structural Engineering),P17N,Type B (all tests),"{""Online Registration Starts on"": ""1st August 2026 onwards"", ""Slot Booking for Online Examination"": ""1st August  2026 onwards"", ""Last date to apply & book slot"": ""15th August 2026\n17th August 2026"", ""Dates of Entrance Examination #"": ""4th August onwards"", ""Display of Result"": ""Within 3 working days"", ""Last Date of Admission"": ""20th August 2026""}"
M.Tech. (Construction Management),P17R,Type B (all tests),"{""Online Registration Starts on"": ""1st August 2026 onwards"", ""Slot Booking for Online Examination"": ""1st August  2026 onwards"", ""Last date to apply & book slot"": ""15th August 2026\n17th August 2026"", ""Dates of Entrance Examination #"": ""4th August onwards"", ""Display of Result"": ""Within 3 working days"", ""Last Date of Admission"": ""20th August 2026""}"
M.Tech. (VLSI Design),P17F,Type B (all tests),"{""Online Registration Starts on"": ""1st August 2026 onwards"", ""Slot Booking for Online Examination"": ""1st August  2026 onwards"", ""Last date to apply & book slot"": ""15th August 2026\n17th August 2026"", ""Dates of Entrance Examination #"": ""4th August onwards"", ""Display of Result"": ""Within 3 working days"", ""Last Date of Admission"": ""20th August 2026""}"
M.Tech (Robotics and Artificial Intelligence),P175-NNA,Type B (all tests),"{""Online Registration Starts on"": ""1st August 2026 onwards"", ""Slot Booking for Online Examination"": ""1st August  2026 onwards"", ""Last date to apply & book slot"": ""15th August 2026\n17th August 2026"", ""Dates of Entrance Examination #"": ""4th August onwards"", ""Display of Result"": ""Within 3 working days"", ""Last Date of Admission"": ""20th August 2026""}"
M.Tech. (Power Systems),P17J,Type B (all tests),"{""Online Registration Starts on"": ""1st August 2026 onwards"", ""Slot Booking for Online Examination"": ""1st August  2026 onwards"", ""Last date to apply & book slot"": ""15th August 2026\n17th August 2026"", ""Dates of Entrance Examination #"": ""4th August onwards"", ""Display of Result"": ""Within 3 working days"", ""Last Date of Admission"": ""20th August 2026""}"
M.Tech. (Food Technology),P17Q,Type B (all tests),"{""Online Registration Starts on"": ""1st August 2026 onwards"", ""Slot Booking for Online Examination"": ""1st August  2026 onwards"", ""Last date to apply & book slot"": ""15th August 2026\n17th August 2026"", ""Dates of Entrance Examination #"": ""4th August onwards"", ""Display of Result"": ""Within 3 working days"", ""Last Date of Admission"": ""20th August 2026""}"
M.Tech. (Biotechnology),P171,Type B (all tests),"{""Online Registration Starts on"": ""1st August 2026 onwards"", ""Slot Booking for Online Examination"": ""1st August  2026 onwards"", ""Last date to apply & book slot"": ""15th August 2026\n17th August 2026"", ""Dates of Entrance Examination #"": ""4th August onwards"", ""Display of Result"": ""Within 3 working days"", ""Last Date of Admission"": ""20th August 2026""}"
M Tech (Biotechnology) [ 1+1 with international credit transfer option],P171-Y,Type B (all tests),"{""Online Registration Starts on"": ""1st August 2026 onwards"", ""Slot Booking for Online Examination"": ""1st August  2026 onwards"", ""Last date to apply & book slot"": ""15th August 2026\n17th August 2026"", ""Dates of Entrance Examination #"": ""4th August onwards"", ""Display of Result"": ""Within 3 working days"", ""Last Date of Admission"": ""20th August 2026""}"
MCA,P164-NN1,Type B (all tests),"{""Online Registration Starts on"": ""1st August 2026 onwards"", ""Slot Booking for Online Examination"": ""1st August  2026 onwards"", ""Last date to apply & book slot"": ""15th August 2026\n17th August 2026"", ""Dates of Entrance Examination #"": ""4th August onwards"", ""Display of Result"": ""Within 3 working days"", ""Last Date of Admission"": ""20th August 2026""}"
MCA (Hons.) (Data Science),P164-HN8,Type B (all tests),"{""Online Registration Starts on"": ""1st August 2026 onwards"", ""Slot Booking for Online Examination"": ""1st August  2026 onwards"", ""Last date to apply & book slot"": ""15th August 2026\n17th August 2026"", ""Dates of Entrance Examination #"": ""4th August onwards"", ""Display of Result"": ""Within 3 working days"", ""Last Date of Admission"": ""20th August 2026""}"
MCA (Hons.) (Artificial Intelligence and Machine Learning),P164-HN7,Type B (all tests),"{""Online Registration Starts on"": ""1st August 2026 onwards"", ""Slot Booking for Online Examination"": ""1st August  2026 onwards"", ""Last date to apply & book slot"": ""15th August 2026\n17th August 2026"", ""Dates of Entrance Examination #"": ""4th August onwards"", ""Display of Result"": ""Within 3 working days"", ""Last Date of Admission"": ""20th August 2026""}"
MCA (Hons.) (Cyber Security),P164-HN9,Type B (all tests),"{""Online Registration Starts on"": ""1st August 2026 onwards"", ""Slot Booking for Online Examination"": ""1st August  2026 onwards"", ""Last date to apply & book slot"": ""15th August 2026\n17th August 2026"", ""Dates of Entrance Examination #"": ""4th August onwards"", ""Display of Result"": ""Within 3 working days"", ""Last Date of Admission"": ""20th August 2026""}"
M.Sc. (Information Technology),P163,Type C,"{""Last Date of Admission"": ""20th August 2026"", ""Dates of Scholarship Examination"": ""Till 22nd August 2026"", ""Scholarship Result"": ""Within 3 working days""}"
M.Sc (Data Science),P16AJ,Type C,"{""Last Date of Admission"": ""20th August 2026"", ""Dates of Scholarship Examination"": ""Till 22nd August 2026"", ""Scholarship Result"": ""Within 3 working days""}"
M.Sc. (Agri.) Agronomy,P26B-NN1,Type B (all tests),"{""Online Registration Starts on"": ""1st August 2026 onwards"", ""Slot Booking for Online Examination"": ""1st August  2026 onwards"", ""Last date to apply & book slot"": ""15th August 2026\n17th August 2026"", ""Dates of Entrance Examination #"": ""4th August onwards"", ""Display of Result"": ""Within 3 working days"", ""Last Date of Admission"": ""20th August 2026""}"
M.Sc. (Agri.) Soil Science,P26B-NN2,Type B (all tests),"{""Online Registration Starts on"": ""1st August 2026 onwards"", ""Slot Booking for Online Examination"": ""1st August  2026 onwards"", ""Last date to apply & book slot"": ""15th August 2026\n17th August 2026"", ""Dates of Entrance Examination #"": ""4th August onwards"", ""Display of Result"": ""Within 3 working days"", ""Last Date of Admission"": ""20th August 2026""}"
M.Sc. (Agri.) Genetics and Plant Breeding,P26B-NN3,Type B (all tests),"{""Online Registration Starts on"": ""1st August 2026 onwards"", ""Slot Booking for Online Examination"": ""1st August  2026 onwards"", ""Last date to apply & book slot"": ""15th August 2026\n17th August 2026"", ""Dates of Entrance Examination #"": ""4th August onwards"", ""Display of Result"": ""Within 3 working days"", ""Last Date of Admission"": ""20th August 2026""}"
M.Sc. (Agri.) Entomology,P26B-NN5,Type B (all tests),"{""Online Registration Starts on"": ""1st August 2026 onwards"", ""Slot Booking for Online Examination"": ""1st August  2026 onwards"", ""Last date to apply & book slot"": ""15th August 2026\n17th August 2026"", ""Dates of Entrance Examination #"": ""4th August onwards"", ""Display of Result"": ""Within 3 working days"", ""Last Date of Admission"": ""20th August 2026""}"
M.Sc. (Agri.) Plant Pathology,P26B-NN6,Type B (all tests),"{""Online Registration Starts on"": ""1st August 2026 onwards"", ""Slot Booking for Online Examination"": ""1st August  2026 onwards"", ""Last date to apply & book slot"": ""15th August 2026\n17th August 2026"", ""Dates of Entrance Examination #"": ""4th August onwards"", ""Display of Result"": ""Within 3 working days"", ""Last Date of Admission"": ""20th August 2026""}"
M.Sc. (Hort.) Vegetable Science,P26E,Type B (all tests),"{""Online Registration Starts on"": ""1st August 2026 onwards"", ""Slot Booking for Online Examination"": ""1st August  2026 onwards"", ""Last date to apply & book slot"": ""15th August 2026\n17th August 2026"", ""Dates of Entrance Examination #"": ""4th August onwards"", ""Display of Result"": ""Within 3 working days"", ""Last Date of Admission"": ""20th August 2026""}"
M.Sc. (Hort.) Fruit Science,P26C,Type B (all tests),"{""Online Registration Starts on"": ""1st August 2026 onwards"", ""Slot Booking for Online Examination"": ""1st August  2026 onwards"", ""Last date to apply & book slot"": ""15th August 2026\n17th August 2026"", ""Dates of Entrance Examination #"": ""4th August onwards"", ""Display of Result"": ""Within 3 working days"", ""Last Date of Admission"": ""20th August 2026""}"
M.Sc. (Hort.) Floriculture and Landscaping,P26F-NN1,Type B (all tests),"{""Online Registration Starts on"": ""1st August 2026 onwards"", ""Slot Booking for Online Examination"": ""1st August  2026 onwards"", ""Last date to apply & book slot"": ""15th August 2026\n17th August 2026"", ""Dates of Entrance Examination #"": ""4th August onwards"", ""Display of Result"": ""Within 3 working days"", ""Last Date of Admission"": ""20th August 2026""}"
M.Sc. (Food Science and Technology),P264,Type B (all tests),"{""Online Registration Starts on"": ""1st August 2026 onwards"", ""Slot Booking for Online Examination"": ""1st August  2026 onwards"", ""Last date to apply & book slot"": ""15th August 2026\n17th August 2026"", ""Dates of Entrance Examination #"": ""4th August onwards"", ""Display of Result"": ""Within 3 working days"", ""Last Date of Admission"": ""20th August 2026""}"
Masters of Nutrition and Dietetics,P265-NN1,Type B (all tests),"{""Online Registration Starts on"": ""1st August 2026 onwards"", ""Slot Booking for Online Examination"": ""1st August  2026 onwards"", ""Last date to apply & book slot"": ""15th August 2026\n17th August 2026"", ""Dates of Entrance Examination #"": ""4th August onwards"", ""Display of Result"": ""Within 3 working days"", ""Last Date of Admission"": ""20th August 2026""}"
M.Sc. (Hons.) Biotechnology,P260-H,Type C,"{""Last Date of Admission"": ""20th August 2026"", ""Dates of Scholarship Examination"": ""Till 22nd August 2026"", ""Scholarship Result"": ""Within 3 working days""}"
M.Sc. (Hons.) Microbiology,P263-H,Type C,"{""Last Date of Admission"": ""20th August 2026"", ""Dates of Scholarship Examination"": ""Till 22nd August 2026"", ""Scholarship Result"": ""Within 3 working days""}"
M.Sc. (Forensic Sciences),P26G,Type C,"{""Last Date of Admission"": ""20th August 2026"", ""Dates of Scholarship Examination"": ""Till 22nd August 2026"", ""Scholarship Result"": ""Within 3 working days""}"
M.Sc. (Digital Forensics and Cyber Security),P26G-NN1,Type C,"{""Last Date of Admission"": ""20th August 2026"", ""Dates of Scholarship Examination"": ""Till 22nd August 2026"", ""Scholarship Result"": ""Within 3 working days""}"
M.Sc. (Hons.) Zoology,P262-H,Type C,"{""Last Date of Admission"": ""20th August 2026"", ""Dates of Scholarship Examination"": ""Till 22nd August 2026"", ""Scholarship Result"": ""Within 3 working days""}"
M.Sc. (Zoology),P2L2,Type C,"{""Last Date of Admission"": ""20th August 2026"", ""Dates of Scholarship Examination"": ""Till 22nd August 2026"", ""Scholarship Result"": ""Within 3 working days""}"
M.Sc. (Hons.) Physics,P268-H,Type C,"{""Last Date of Admission"": ""20th August 2026"", ""Dates of Scholarship Examination"": ""Till 22nd August 2026"", ""Scholarship Result"": ""Within 3 working days""}"
M.Sc. (Hons.) Chemistry,P266-H,Type C,"{""Last Date of Admission"": ""20th August 2026"", ""Dates of Scholarship Examination"": ""Till 22nd August 2026"", ""Scholarship Result"": ""Within 3 working days""}"
M.Sc. (Mathematics),P269,Type C,"{""Last Date of Admission"": ""20th August 2026"", ""Dates of Scholarship Examination"": ""Till 22nd August 2026"", ""Scholarship Result"": ""Within 3 working days""}"
M.A. (Mathematics),P269-NN-1,Type C,"{""Last Date of Admission"": ""20th August 2026"", ""Dates of Scholarship Examination"": ""Till 22nd August 2026"", ""Scholarship Result"": ""Within 3 working days""}"
M.Sc. (Statistics and Data Analytics),P26J,Type C,"{""Last Date of Admission"": ""20th August 2026"", ""Dates of Scholarship Examination"": ""Till 22nd August 2026"", ""Scholarship Result"": ""Within 3 working days""}"
M.Pharm. (Pharmaceutics),P570-NN1-D,Type B (all tests),"{""Online Registration Starts on"": ""1st August 2026 onwards"", ""Slot Booking for Online Examination"": ""1st August  2026 onwards"", ""Last date to apply & book slot"": ""15th August 2026\n17th August 2026"", ""Dates of Entrance Examination #"": ""4th August onwards"", ""Display of Result"": ""Within 3 working days"", ""Last Date of Admission"": ""20th August 2026""}"
M.Pharm. (Pharmacology),P570-NN2-D,Type B (all tests),"{""Online Registration Starts on"": ""1st August 2026 onwards"", ""Slot Booking for Online Examination"": ""1st August  2026 onwards"", ""Last date to apply & book slot"": ""15th August 2026\n17th August 2026"", ""Dates of Entrance Examination #"": ""4th August onwards"", ""Display of Result"": ""Within 3 working days"", ""Last Date of Admission"": ""20th August 2026""}"
M.Pharm. (Pharmaceutical Analysis),P570-NNB-D,Type B (all tests),"{""Online Registration Starts on"": ""1st August 2026 onwards"", ""Slot Booking for Online Examination"": ""1st August  2026 onwards"", ""Last date to apply & book slot"": ""15th August 2026\n17th August 2026"", ""Dates of Entrance Examination #"": ""4th August onwards"", ""Display of Result"": ""Within 3 working days"", ""Last Date of Admission"": ""20th August 2026""}"
M.Pharm. (Pharmaceutical Chemistry),P570-NN3-D,Type B (all tests),"{""Online Registration Starts on"": ""1st August 2026 onwards"", ""Slot Booking for Online Examination"": ""1st August  2026 onwards"", ""Last date to apply & book slot"": ""15th August 2026\n17th August 2026"", ""Dates of Entrance Examination #"": ""4th August onwards"", ""Display of Result"": ""Within 3 working days"", ""Last Date of Admission"": ""20th August 2026""}"
M.Pharm. (Pharmacy Practice),P570-NND-D,Type B (all tests),"{""Online Registration Starts on"": ""1st August 2026 onwards"", ""Slot Booking for Online Examination"": ""1st August  2026 onwards"", ""Last date to apply & book slot"": ""15th August 2026\n17th August 2026"", ""Dates of Entrance Examination #"": ""4th August onwards"", ""Display of Result"": ""Within 3 working days"", ""Last Date of Admission"": ""20th August 2026""}"
Pharm.D (PB),P580-NNLA,Type B (all tests),"{""Online Registration Starts on"": ""1st August 2026 onwards"", ""Slot Booking for Online Examination"": ""1st August  2026 onwards"", ""Last date to apply & book slot"": ""15th August 2026\n17th August 2026"", ""Dates of Entrance Examination #"": ""4th August onwards"", ""Display of Result"": ""Within 3 working days"", ""Last Date of Admission"": ""20th August 2026""}"
M.PT (Musculoskeletal Science),P572-NNDA,Type B (all tests),"{""Online Registration Starts on"": ""1st August 2026 onwards"", ""Slot Booking for Online Examination"": ""1st August  2026 onwards"", ""Last date to apply & book slot"": ""15th August 2026\n17th August 2026"", ""Dates of Entrance Examination #"": ""4th August onwards"", ""Display of Result"": ""Within 3 working days"", ""Last Date of Admission"": ""20th August 2026""}"
M.PT (Neuroscience),P572-NNEA,Type B (all tests),"{""Online Registration Starts on"": ""1st August 2026 onwards"", ""Slot Booking for Online Examination"": ""1st August  2026 onwards"", ""Last date to apply & book slot"": ""15th August 2026\n17th August 2026"", ""Dates of Entrance Examination #"": ""4th August onwards"", ""Display of Result"": ""Within 3 working days"", ""Last Date of Admission"": ""20th August 2026""}"
M.PT (Sports Science),P572-NNFA,Type B (all tests),"{""Online Registration Starts on"": ""1st August 2026 onwards"", ""Slot Booking for Online Examination"": ""1st August  2026 onwards"", ""Last date to apply & book slot"": ""15th August 2026\n17th August 2026"", ""Dates of Entrance Examination #"": ""4th August onwards"", ""Display of Result"": ""Within 3 working days"", ""Last Date of Admission"": ""20th August 2026""}"
Master of Medical Laboratory Science (Medical Microbiology),P561-NNM,Type B (all tests),"{""Online Registration Starts on"": ""1st August 2026 onwards"", ""Slot Booking for Online Examination"": ""1st August  2026 onwards"", ""Last date to apply & book slot"": ""15th August 2026\n17th August 2026"", ""Dates of Entrance Examination #"": ""4th August onwards"", ""Display of Result"": ""Within 3 working days"", ""Last Date of Admission"": ""20th August 2026""}"
M.Sc. (Clinical Embryology),P568,Type B (all tests),"{""Online Registration Starts on"": ""1st August 2026 onwards"", ""Slot Booking for Online Examination"": ""1st August  2026 onwards"", ""Last date to apply & book slot"": ""15th August 2026\n17th August 2026"", ""Dates of Entrance Examination #"": ""4th August onwards"", ""Display of Result"": ""Within 3 working days"", ""Last Date of Admission"": ""20th August 2026""}"
Ph.D. (Electronics & Communication Engineering) [Full Time],P1D5,Ph.D.,"{""Online Registration starts on"": ""4th May 2026 onwards"", ""Last date of Registration"": ""30th June 2026\n5th July 2026"", ""Dates of Entrance Test"": ""10th & 12th July 2026"", ""Result of LPUNEST (Ph.D.)"": ""15th July 2026"", ""Interview Slot Booking"": ""15th - 17th July 2026"", ""Interview schedule"": ""20th - 26th July 2026"", ""Result of Interview"": ""30th July 2026"", ""Last Date of Admission"": ""10th August 2026\n20th August 2026"", ""Note: last date to take admission in Agriculture discipline is 10th August 2026."": """", ""l"": """"}"
Ph.D. (Electronics & Communication Engineering) [Part Time],P1D5-T,Ph.D.,"{""Online Registration starts on"": ""4th May 2026 onwards"", ""Last date of Registration"": ""30th June 2026\n5th July 2026"", ""Dates of Entrance Test"": ""10th & 12th July 2026"", ""Result of LPUNEST (Ph.D.)"": ""15th July 2026"", ""Interview Slot Booking"": ""15th - 17th July 2026"", ""Interview schedule"": ""20th - 26th July 2026"", ""Result of Interview"": ""30th July 2026"", ""Last Date of Admission"": ""10th August 2026\n20th August 2026"", ""Note: last date to take admission in Agriculture discipline is 10th August 2026."": """", ""l"": """"}"
Ph.D. (Computer Science & Engineering) [Full Time],P1D2,Ph.D.,"{""Online Registration starts on"": ""4th May 2026 onwards"", ""Last date of Registration"": ""30th June 2026\n5th July 2026"", ""Dates of Entrance Test"": ""10th & 12th July 2026"", ""Result of LPUNEST (Ph.D.)"": ""15th July 2026"", ""Interview Slot Booking"": ""15th - 17th July 2026"", ""Interview schedule"": ""20th - 26th July 2026"", ""Result of Interview"": ""30th July 2026"", ""Last Date of Admission"": ""10th August 2026\n20th August 2026"", ""Note: last date to take admission in Agriculture discipline is 10th August 2026."": """", ""l"": """"}"
Ph.D. (Computer Science & Engineering) [Part Time],P1D2-T,Ph.D.,"{""Online Registration starts on"": ""4th May 2026 onwards"", ""Last date of Registration"": ""30th June 2026\n5th July 2026"", ""Dates of Entrance Test"": ""10th & 12th July 2026"", ""Result of LPUNEST (Ph.D.)"": ""15th July 2026"", ""Interview Slot Booking"": ""15th - 17th July 2026"", ""Interview schedule"": ""20th - 26th July 2026"", ""Result of Interview"": ""30th July 2026"", ""Last Date of Admission"": ""10th August 2026\n20th August 2026"", ""Note: last date to take admission in Agriculture discipline is 10th August 2026."": """", ""l"": """"}"
Ph.D. (Electrical Engineering) [Full Time],P1D6,Ph.D.,"{""Online Registration starts on"": ""4th May 2026 onwards"", ""Last date of Registration"": ""30th June 2026\n5th July 2026"", ""Dates of Entrance Test"": ""10th & 12th July 2026"", ""Result of LPUNEST (Ph.D.)"": ""15th July 2026"", ""Interview Slot Booking"": ""15th - 17th July 2026"", ""Interview schedule"": ""20th - 26th July 2026"", ""Result of Interview"": ""30th July 2026"", ""Last Date of Admission"": ""10th August 2026\n20th August 2026"", ""Note: last date to take admission in Agriculture discipline is 10th August 2026."": """", ""l"": """"}"
Ph.D. (Electrical Engineering) [Part Time],P1D6-T,Ph.D.,"{""Online Registration starts on"": ""4th May 2026 onwards"", ""Last date of Registration"": ""30th June 2026\n5th July 2026"", ""Dates of Entrance Test"": ""10th & 12th July 2026"", ""Result of LPUNEST (Ph.D.)"": ""15th July 2026"", ""Interview Slot Booking"": ""15th - 17th July 2026"", ""Interview schedule"": ""20th - 26th July 2026"", ""Result of Interview"": ""30th July 2026"", ""Last Date of Admission"": ""10th August 2026\n20th August 2026"", ""Note: last date to take admission in Agriculture discipline is 10th August 2026."": """", ""l"": """"}"
Ph.D. (Mechanical Engineering) [Full Time],P1D8,Ph.D.,"{""Online Registration starts on"": ""4th May 2026 onwards"", ""Last date of Registration"": ""30th June 2026\n5th July 2026"", ""Dates of Entrance Test"": ""10th & 12th July 2026"", ""Result of LPUNEST (Ph.D.)"": ""15th July 2026"", ""Interview Slot Booking"": ""15th - 17th July 2026"", ""Interview schedule"": ""20th - 26th July 2026"", ""Result of Interview"": ""30th July 2026"", ""Last Date of Admission"": ""10th August 2026\n20th August 2026"", ""Note: last date to take admission in Agriculture discipline is 10th August 2026."": """", ""l"": """"}"
Ph.D. (Mechanical Engineering) [Part Time],P1D8-T,Ph.D.,"{""Online Registration starts on"": ""4th May 2026 onwards"", ""Last date of Registration"": ""30th June 2026\n5th July 2026"", ""Dates of Entrance Test"": ""10th & 12th July 2026"", ""Result of LPUNEST (Ph.D.)"": ""15th July 2026"", ""Interview Slot Booking"": ""15th - 17th July 2026"", ""Interview schedule"": ""20th - 26th July 2026"", ""Result of Interview"": ""30th July 2026"", ""Last Date of Admission"": ""10th August 2026\n20th August 2026"", ""Note: last date to take admission in Agriculture discipline is 10th August 2026."": """", ""l"": """"}"
Ph.D. (Civil Engineering) [Full Time],P1D7,Ph.D.,"{""Online Registration starts on"": ""4th May 2026 onwards"", ""Last date of Registration"": ""30th June 2026\n5th July 2026"", ""Dates of Entrance Test"": ""10th & 12th July 2026"", ""Result of LPUNEST (Ph.D.)"": ""15th July 2026"", ""Interview Slot Booking"": ""15th - 17th July 2026"", ""Interview schedule"": ""20th - 26th July 2026"", ""Result of Interview"": ""30th July 2026"", ""Last Date of Admission"": ""10th August 2026\n20th August 2026"", ""Note: last date to take admission in Agriculture discipline is 10th August 2026."": """", ""l"": """"}"
Ph.D. (Civil Engineering) [Part Time],P1D7-T,Ph.D.,"{""Online Registration starts on"": ""4th May 2026 onwards"", ""Last date of Registration"": ""30th June 2026\n5th July 2026"", ""Dates of Entrance Test"": ""10th & 12th July 2026"", ""Result of LPUNEST (Ph.D.)"": ""15th July 2026"", ""Interview Slot Booking"": ""15th - 17th July 2026"", ""Interview schedule"": ""20th - 26th July 2026"", ""Result of Interview"": ""30th July 2026"", ""Last Date of Admission"": ""10th August 2026\n20th August 2026"", ""Note: last date to take admission in Agriculture discipline is 10th August 2026."": """", ""l"": """"}"
Ph.D. (Chemical Engineering) [Full Time],P1DC,Ph.D.,"{""Online Registration starts on"": ""4th May 2026 onwards"", ""Last date of Registration"": ""30th June 2026\n5th July 2026"", ""Dates of Entrance Test"": ""10th & 12th July 2026"", ""Result of LPUNEST (Ph.D.)"": ""15th July 2026"", ""Interview Slot Booking"": ""15th - 17th July 2026"", ""Interview schedule"": ""20th - 26th July 2026"", ""Result of Interview"": ""30th July 2026"", ""Last Date of Admission"": ""10th August 2026\n20th August 2026"", ""Note: last date to take admission in Agriculture discipline is 10th August 2026."": """", ""l"": """"}"
Ph.D. (Chemical Engineering) [Part Time],P1DC-T,Ph.D.,"{""Online Registration starts on"": ""4th May 2026 onwards"", ""Last date of Registration"": ""30th June 2026\n5th July 2026"", ""Dates of Entrance Test"": ""10th & 12th July 2026"", ""Result of LPUNEST (Ph.D.)"": ""15th July 2026"", ""Interview Slot Booking"": ""15th - 17th July 2026"", ""Interview schedule"": ""20th - 26th July 2026"", ""Result of Interview"": ""30th July 2026"", ""Last Date of Admission"": ""10th August 2026\n20th August 2026"", ""Note: last date to take admission in Agriculture discipline is 10th August 2026."": """", ""l"": """"}"
Ph.D. (Molecular Biology and Genetic Engineering) [Full Time],P2DS,Ph.D.,"{""Online Registration starts on"": ""4th May 2026 onwards"", ""Last date of Registration"": ""30th June 2026\n5th July 2026"", ""Dates of Entrance Test"": ""10th & 12th July 2026"", ""Result of LPUNEST (Ph.D.)"": ""15th July 2026"", ""Interview Slot Booking"": ""15th - 17th July 2026"", ""Interview schedule"": ""20th - 26th July 2026"", ""Result of Interview"": ""30th July 2026"", ""Last Date of Admission"": ""10th August 2026\n20th August 2026"", ""Note: last date to take admission in Agriculture discipline is 10th August 2026."": """", ""l"": """"}"
Ph.D. (Molecular Biology and Genetic Engineering) [Part Time],P2DS-T,Ph.D.,"{""Online Registration starts on"": ""4th May 2026 onwards"", ""Last date of Registration"": ""30th June 2026\n5th July 2026"", ""Dates of Entrance Test"": ""10th & 12th July 2026"", ""Result of LPUNEST (Ph.D.)"": ""15th July 2026"", ""Interview Slot Booking"": ""15th - 17th July 2026"", ""Interview schedule"": ""20th - 26th July 2026"", ""Result of Interview"": ""30th July 2026"", ""Last Date of Admission"": ""10th August 2026\n20th August 2026"", ""Note: last date to take admission in Agriculture discipline is 10th August 2026."": """", ""l"": """"}"
Ph.D. (Aerospace Engineering) [Full Time],P1DE,Ph.D.,"{""Online Registration starts on"": ""4th May 2026 onwards"", ""Last date of Registration"": ""30th June 2026\n5th July 2026"", ""Dates of Entrance Test"": ""10th & 12th July 2026"", ""Result of LPUNEST (Ph.D.)"": ""15th July 2026"", ""Interview Slot Booking"": ""15th - 17th July 2026"", ""Interview schedule"": ""20th - 26th July 2026"", ""Result of Interview"": ""30th July 2026"", ""Last Date of Admission"": ""10th August 2026\n20th August 2026"", ""Note: last date to take admission in Agriculture discipline is 10th August 2026."": """", ""l"": """"}"
Ph.D. (Aerospace Engineering) [Part Time],P1DE-T,Ph.D.,"{""Online Registration starts on"": ""4th May 2026 onwards"", ""Last date of Registration"": ""30th June 2026\n5th July 2026"", ""Dates of Entrance Test"": ""10th & 12th July 2026"", ""Result of LPUNEST (Ph.D.)"": ""15th July 2026"", ""Interview Slot Booking"": ""15th - 17th July 2026"", ""Interview schedule"": ""20th - 26th July 2026"", ""Result of Interview"": ""30th July 2026"", ""Last Date of Admission"": ""10th August 2026\n20th August 2026"", ""Note: last date to take admission in Agriculture discipline is 10th August 2026."": """", ""l"": """"}"
Ph.D. (Geospatial Information Science and Technology) [Full Time],P1DV,Ph.D.,"{""Online Registration starts on"": ""4th May 2026 onwards"", ""Last date of Registration"": ""30th June 2026\n5th July 2026"", ""Dates of Entrance Test"": ""10th & 12th July 2026"", ""Result of LPUNEST (Ph.D.)"": ""15th July 2026"", ""Interview Slot Booking"": ""15th - 17th July 2026"", ""Interview schedule"": ""20th - 26th July 2026"", ""Result of Interview"": ""30th July 2026"", ""Last Date of Admission"": ""10th August 2026\n20th August 2026"", ""Note: last date to take admission in Agriculture discipline is 10th August 2026."": """", ""l"": """"}"
Ph.D. (Geospatial Information Science and Technology) [Part Time],P1DV-T,Ph.D.,"{""Online Registration starts on"": ""4th May 2026 onwards"", ""Last date of Registration"": ""30th June 2026\n5th July 2026"", ""Dates of Entrance Test"": ""10th & 12th July 2026"", ""Result of LPUNEST (Ph.D.)"": ""15th July 2026"", ""Interview Slot Booking"": ""15th - 17th July 2026"", ""Interview schedule"": ""20th - 26th July 2026"", ""Result of Interview"": ""30th July 2026"", ""Last Date of Admission"": ""10th August 2026\n20th August 2026"", ""Note: last date to take admission in Agriculture discipline is 10th August 2026."": """", ""l"": """"}"
Ph.D. (Computer Applications) [Full Time],P1D4,Ph.D.,"{""Online Registration starts on"": ""4th May 2026 onwards"", ""Last date of Registration"": ""30th June 2026\n5th July 2026"", ""Dates of Entrance Test"": ""10th & 12th July 2026"", ""Result of LPUNEST (Ph.D.)"": ""15th July 2026"", ""Interview Slot Booking"": ""15th - 17th July 2026"", ""Interview schedule"": ""20th - 26th July 2026"", ""Result of Interview"": ""30th July 2026"", ""Last Date of Admission"": ""10th August 2026\n20th August 2026"", ""Note: last date to take admission in Agriculture discipline is 10th August 2026."": """", ""l"": """"}"
Ph.D. (Computer Applications) [Part Time],P1D4-T,Ph.D.,"{""Online Registration starts on"": ""4th May 2026 onwards"", ""Last date of Registration"": ""30th June 2026\n5th July 2026"", ""Dates of Entrance Test"": ""10th & 12th July 2026"", ""Result of LPUNEST (Ph.D.)"": ""15th July 2026"", ""Interview Slot Booking"": ""15th - 17th July 2026"", ""Interview schedule"": ""20th - 26th July 2026"", ""Result of Interview"": ""30th July 2026"", ""Last Date of Admission"": ""10th August 2026\n20th August 2026"", ""Note: last date to take admission in Agriculture discipline is 10th August 2026."": """", ""l"": """"}"
Ph.D. (Nanotechnology) [Full Time],P1DAL,Ph.D.,"{""Online Registration starts on"": ""4th May 2026 onwards"", ""Last date of Registration"": ""30th June 2026\n5th July 2026"", ""Dates of Entrance Test"": ""10th & 12th July 2026"", ""Result of LPUNEST (Ph.D.)"": ""15th July 2026"", ""Interview Slot Booking"": ""15th - 17th July 2026"", ""Interview schedule"": ""20th - 26th July 2026"", ""Result of Interview"": ""30th July 2026"", ""Last Date of Admission"": ""10th August 2026\n20th August 2026"", ""Note: last date to take admission in Agriculture discipline is 10th August 2026."": """", ""l"": """"}"
Ph.D. Agronomy,P2DB-NN1,Ph.D.,"{""Online Registration starts on"": ""4th May 2026 onwards"", ""Last date of Registration"": ""30th June 2026\n5th July 2026"", ""Dates of Entrance Test"": ""10th & 12th July 2026"", ""Result of LPUNEST (Ph.D.)"": ""15th July 2026"", ""Interview Slot Booking"": ""15th - 17th July 2026"", ""Interview schedule"": ""20th - 26th July 2026"", ""Result of Interview"": ""30th July 2026"", ""Last Date of Admission"": ""10th August 2026\n20th August 2026"", ""Note: last date to take admission in Agriculture discipline is 10th August 2026."": """", ""l"": """"}"
Ph.D. Entomology,P2DB-NN5,Ph.D.,"{""Online Registration starts on"": ""4th May 2026 onwards"", ""Last date of Registration"": ""30th June 2026\n5th July 2026"", ""Dates of Entrance Test"": ""10th & 12th July 2026"", ""Result of LPUNEST (Ph.D.)"": ""15th July 2026"", ""Interview Slot Booking"": ""15th - 17th July 2026"", ""Interview schedule"": ""20th - 26th July 2026"", ""Result of Interview"": ""30th July 2026"", ""Last Date of Admission"": ""10th August 2026\n20th August 2026"", ""Note: last date to take admission in Agriculture discipline is 10th August 2026."": """", ""l"": """"}"
Ph.D. Fruit Science,P2DC-NN1,Ph.D.,"{""Online Registration starts on"": ""4th May 2026 onwards"", ""Last date of Registration"": ""30th June 2026\n5th July 2026"", ""Dates of Entrance Test"": ""10th & 12th July 2026"", ""Result of LPUNEST (Ph.D.)"": ""15th July 2026"", ""Interview Slot Booking"": ""15th - 17th July 2026"", ""Interview schedule"": ""20th - 26th July 2026"", ""Result of Interview"": ""30th July 2026"", ""Last Date of Admission"": ""10th August 2026\n20th August 2026"", ""Note: last date to take admission in Agriculture discipline is 10th August 2026."": """", ""l"": """"}"
Ph.D. Genetics and Plant Breeding,P2DB-NN3,Ph.D.,"{""Online Registration starts on"": ""4th May 2026 onwards"", ""Last date of Registration"": ""30th June 2026\n5th July 2026"", ""Dates of Entrance Test"": ""10th & 12th July 2026"", ""Result of LPUNEST (Ph.D.)"": ""15th July 2026"", ""Interview Slot Booking"": ""15th - 17th July 2026"", ""Interview schedule"": ""20th - 26th July 2026"", ""Result of Interview"": ""30th July 2026"", ""Last Date of Admission"": ""10th August 2026\n20th August 2026"", ""Note: last date to take admission in Agriculture discipline is 10th August 2026."": """", ""l"": """"}"
Ph.D. Plant Pathology,P2DB-NN6,Ph.D.,"{""Online Registration starts on"": ""4th May 2026 onwards"", ""Last date of Registration"": ""30th June 2026\n5th July 2026"", ""Dates of Entrance Test"": ""10th & 12th July 2026"", ""Result of LPUNEST (Ph.D.)"": ""15th July 2026"", ""Interview Slot Booking"": ""15th - 17th July 2026"", ""Interview schedule"": ""20th - 26th July 2026"", ""Result of Interview"": ""30th July 2026"", ""Last Date of Admission"": ""10th August 2026\n20th August 2026"", ""Note: last date to take admission in Agriculture discipline is 10th August 2026."": """", ""l"": """"}"
Ph.D. Vegetable Science,P2DE-NN1,Ph.D.,"{""Online Registration starts on"": ""4th May 2026 onwards"", ""Last date of Registration"": ""30th June 2026\n5th July 2026"", ""Dates of Entrance Test"": ""10th & 12th July 2026"", ""Result of LPUNEST (Ph.D.)"": ""15th July 2026"", ""Interview Slot Booking"": ""15th - 17th July 2026"", ""Interview schedule"": ""20th - 26th July 2026"", ""Result of Interview"": ""30th July 2026"", ""Last Date of Admission"": ""10th August 2026\n20th August 2026"", ""Note: last date to take admission in Agriculture discipline is 10th August 2026."": """", ""l"": """"}"
Ph.D. Soil Science,P2DB-NN8,Ph.D.,"{""Online Registration starts on"": ""4th May 2026 onwards"", ""Last date of Registration"": ""30th June 2026\n5th July 2026"", ""Dates of Entrance Test"": ""10th & 12th July 2026"", ""Result of LPUNEST (Ph.D.)"": ""15th July 2026"", ""Interview Slot Booking"": ""15th - 17th July 2026"", ""Interview schedule"": ""20th - 26th July 2026"", ""Result of Interview"": ""30th July 2026"", ""Last Date of Admission"": ""10th August 2026\n20th August 2026"", ""Note: last date to take admission in Agriculture discipline is 10th August 2026."": """", ""l"": """"}"
Ph.D. (Food Science and Technology) [Full Time],P2D4-NN1,Ph.D.,"{""Online Registration starts on"": ""4th May 2026 onwards"", ""Last date of Registration"": ""30th June 2026\n5th July 2026"", ""Dates of Entrance Test"": ""10th & 12th July 2026"", ""Result of LPUNEST (Ph.D.)"": ""15th July 2026"", ""Interview Slot Booking"": ""15th - 17th July 2026"", ""Interview schedule"": ""20th - 26th July 2026"", ""Result of Interview"": ""30th July 2026"", ""Last Date of Admission"": ""10th August 2026\n20th August 2026"", ""Note: last date to take admission in Agriculture discipline is 10th August 2026."": """", ""l"": """"}"
Ph.D. (Food Science and Technology) [Part Time],P2D4-TN1,Ph.D.,"{""Online Registration starts on"": ""4th May 2026 onwards"", ""Last date of Registration"": ""30th June 2026\n5th July 2026"", ""Dates of Entrance Test"": ""10th & 12th July 2026"", ""Result of LPUNEST (Ph.D.)"": ""15th July 2026"", ""Interview Slot Booking"": ""15th - 17th July 2026"", ""Interview schedule"": ""20th - 26th July 2026"", ""Result of Interview"": ""30th July 2026"", ""Last Date of Admission"": ""10th August 2026\n20th August 2026"", ""Note: last date to take admission in Agriculture discipline is 10th August 2026."": """", ""l"": """"}"
Ph.D. (Environmental Sciences) [Full Time],P2DD,Ph.D.,"{""Online Registration starts on"": ""4th May 2026 onwards"", ""Last date of Registration"": ""30th June 2026\n5th July 2026"", ""Dates of Entrance Test"": ""10th & 12th July 2026"", ""Result of LPUNEST (Ph.D.)"": ""15th July 2026"", ""Interview Slot Booking"": ""15th - 17th July 2026"", ""Interview schedule"": ""20th - 26th July 2026"", ""Result of Interview"": ""30th July 2026"", ""Last Date of Admission"": ""10th August 2026\n20th August 2026"", ""Note: last date to take admission in Agriculture discipline is 10th August 2026."": """", ""l"": """"}"
Ph.D. (Environmental Sciences) [Part Time],P2DD-T,Ph.D.,"{""Online Registration starts on"": ""4th May 2026 onwards"", ""Last date of Registration"": ""30th June 2026\n5th July 2026"", ""Dates of Entrance Test"": ""10th & 12th July 2026"", ""Result of LPUNEST (Ph.D.)"": ""15th July 2026"", ""Interview Slot Booking"": ""15th - 17th July 2026"", ""Interview schedule"": ""20th - 26th July 2026"", ""Result of Interview"": ""30th July 2026"", ""Last Date of Admission"": ""10th August 2026\n20th August 2026"", ""Note: last date to take admission in Agriculture discipline is 10th August 2026."": """", ""l"": """"}"
Ph.D. (Biotechnology) [Full Time],P2D0,Ph.D.,"{""Online Registration starts on"": ""4th May 2026 onwards"", ""Last date of Registration"": ""30th June 2026\n5th July 2026"", ""Dates of Entrance Test"": ""10th & 12th July 2026"", ""Result of LPUNEST (Ph.D.)"": ""15th July 2026"", ""Interview Slot Booking"": ""15th - 17th July 2026"", ""Interview schedule"": ""20th - 26th July 2026"", ""Result of Interview"": ""30th July 2026"", ""Last Date of Admission"": ""10th August 2026\n20th August 2026"", ""Note: last date to take admission in Agriculture discipline is 10th August 2026."": """", ""l"": """"}"
Ph.D. (Biotechnology) [Part Time],P2D0-T,Ph.D.,"{""Online Registration starts on"": ""4th May 2026 onwards"", ""Last date of Registration"": ""30th June 2026\n5th July 2026"", ""Dates of Entrance Test"": ""10th & 12th July 2026"", ""Result of LPUNEST (Ph.D.)"": ""15th July 2026"", ""Interview Slot Booking"": ""15th - 17th July 2026"", ""Interview schedule"": ""20th - 26th July 2026"", ""Result of Interview"": ""30th July 2026"", ""Last Date of Admission"": ""10th August 2026\n20th August 2026"", ""Note: last date to take admission in Agriculture discipline is 10th August 2026."": """", ""l"": """"}"
Ph.D. (Bioinformatics) [Full Time],P2DL,Ph.D.,"{""Online Registration starts on"": ""4th May 2026 onwards"", ""Last date of Registration"": ""30th June 2026\n5th July 2026"", ""Dates of Entrance Test"": ""10th & 12th July 2026"", ""Result of LPUNEST (Ph.D.)"": ""15th July 2026"", ""Interview Slot Booking"": ""15th - 17th July 2026"", ""Interview schedule"": ""20th - 26th July 2026"", ""Result of Interview"": ""30th July 2026"", ""Last Date of Admission"": ""10th August 2026\n20th August 2026"", ""Note: last date to take admission in Agriculture discipline is 10th August 2026."": """", ""l"": """"}"
Ph.D. (Bioinformatics) [Part Time],P2DL-T,Ph.D.,"{""Online Registration starts on"": ""4th May 2026 onwards"", ""Last date of Registration"": ""30th June 2026\n5th July 2026"", ""Dates of Entrance Test"": ""10th & 12th July 2026"", ""Result of LPUNEST (Ph.D.)"": ""15th July 2026"", ""Interview Slot Booking"": ""15th - 17th July 2026"", ""Interview schedule"": ""20th - 26th July 2026"", ""Result of Interview"": ""30th July 2026"", ""Last Date of Admission"": ""10th August 2026\n20th August 2026"", ""Note: last date to take admission in Agriculture discipline is 10th August 2026."": """", ""l"": """"}"
Ph.D. (Microbiology) [Full Time],P2D3,Ph.D.,"{""Online Registration starts on"": ""4th May 2026 onwards"", ""Last date of Registration"": ""30th June 2026\n5th July 2026"", ""Dates of Entrance Test"": ""10th & 12th July 2026"", ""Result of LPUNEST (Ph.D.)"": ""15th July 2026"", ""Interview Slot Booking"": ""15th - 17th July 2026"", ""Interview schedule"": ""20th - 26th July 2026"", ""Result of Interview"": ""30th July 2026"", ""Last Date of Admission"": ""10th August 2026\n20th August 2026"", ""Note: last date to take admission in Agriculture discipline is 10th August 2026."": """", ""l"": """"}"
Ph.D. (Microbiology) [Part Time],P2D3-T,Ph.D.,"{""Online Registration starts on"": ""4th May 2026 onwards"", ""Last date of Registration"": ""30th June 2026\n5th July 2026"", ""Dates of Entrance Test"": ""10th & 12th July 2026"", ""Result of LPUNEST (Ph.D.)"": ""15th July 2026"", ""Interview Slot Booking"": ""15th - 17th July 2026"", ""Interview schedule"": ""20th - 26th July 2026"", ""Result of Interview"": ""30th July 2026"", ""Last Date of Admission"": ""10th August 2026\n20th August 2026"", ""Note: last date to take admission in Agriculture discipline is 10th August 2026."": """", ""l"": """"}"
Ph.D. (Biochemistry) [Full Time],P2D7,Ph.D.,"{""Online Registration starts on"": ""4th May 2026 onwards"", ""Last date of Registration"": ""30th June 2026\n5th July 2026"", ""Dates of Entrance Test"": ""10th & 12th July 2026"", ""Result of LPUNEST (Ph.D.)"": ""15th July 2026"", ""Interview Slot Booking"": ""15th - 17th July 2026"", ""Interview schedule"": ""20th - 26th July 2026"", ""Result of Interview"": ""30th July 2026"", ""Last Date of Admission"": ""10th August 2026\n20th August 2026"", ""Note: last date to take admission in Agriculture discipline is 10th August 2026."": """", ""l"": """"}"
Ph.D. (Biochemistry) [Part Time],P2D7-T,Ph.D.,"{""Online Registration starts on"": ""4th May 2026 onwards"", ""Last date of Registration"": ""30th June 2026\n5th July 2026"", ""Dates of Entrance Test"": ""10th & 12th July 2026"", ""Result of LPUNEST (Ph.D.)"": ""15th July 2026"", ""Interview Slot Booking"": ""15th - 17th July 2026"", ""Interview schedule"": ""20th - 26th July 2026"", ""Result of Interview"": ""30th July 2026"", ""Last Date of Admission"": ""10th August 2026\n20th August 2026"", ""Note: last date to take admission in Agriculture discipline is 10th August 2026."": """", ""l"": """"}"
Ph.D. (Botany) [Full Time],P2D1,Ph.D.,"{""Online Registration starts on"": ""4th May 2026 onwards"", ""Last date of Registration"": ""30th June 2026\n5th July 2026"", ""Dates of Entrance Test"": ""10th & 12th July 2026"", ""Result of LPUNEST (Ph.D.)"": ""15th July 2026"", ""Interview Slot Booking"": ""15th - 17th July 2026"", ""Interview schedule"": ""20th - 26th July 2026"", ""Result of Interview"": ""30th July 2026"", ""Last Date of Admission"": ""10th August 2026\n20th August 2026"", ""Note: last date to take admission in Agriculture discipline is 10th August 2026."": """", ""l"": """"}"
Ph.D. (Botany) [Part Time],P2D1-T,Ph.D.,"{""Online Registration starts on"": ""4th May 2026 onwards"", ""Last date of Registration"": ""30th June 2026\n5th July 2026"", ""Dates of Entrance Test"": ""10th & 12th July 2026"", ""Result of LPUNEST (Ph.D.)"": ""15th July 2026"", ""Interview Slot Booking"": ""15th - 17th July 2026"", ""Interview schedule"": ""20th - 26th July 2026"", ""Result of Interview"": ""30th July 2026"", ""Last Date of Admission"": ""10th August 2026\n20th August 2026"", ""Note: last date to take admission in Agriculture discipline is 10th August 2026."": """", ""l"": """"}"
Ph.D. (Forensic Sciences) [Full Time],P2DG,Ph.D.,"{""Online Registration starts on"": ""4th May 2026 onwards"", ""Last date of Registration"": ""30th June 2026\n5th July 2026"", ""Dates of Entrance Test"": ""10th & 12th July 2026"", ""Result of LPUNEST (Ph.D.)"": ""15th July 2026"", ""Interview Slot Booking"": ""15th - 17th July 2026"", ""Interview schedule"": ""20th - 26th July 2026"", ""Result of Interview"": ""30th July 2026"", ""Last Date of Admission"": ""10th August 2026\n20th August 2026"", ""Note: last date to take admission in Agriculture discipline is 10th August 2026."": """", ""l"": """"}"
Ph.D. (Forensic Sciences) [Part Time],P2DG-T,Ph.D.,"{""Online Registration starts on"": ""4th May 2026 onwards"", ""Last date of Registration"": ""30th June 2026\n5th July 2026"", ""Dates of Entrance Test"": ""10th & 12th July 2026"", ""Result of LPUNEST (Ph.D.)"": ""15th July 2026"", ""Interview Slot Booking"": ""15th - 17th July 2026"", ""Interview schedule"": ""20th - 26th July 2026"", ""Result of Interview"": ""30th July 2026"", ""Last Date of Admission"": ""10th August 2026\n20th August 2026"", ""Note: last date to take admission in Agriculture discipline is 10th August 2026."": """", ""l"": """"}"
Ph.D. (Zoology) [Full Time],P2D2,Ph.D.,"{""Online Registration starts on"": ""4th May 2026 onwards"", ""Last date of Registration"": ""30th June 2026\n5th July 2026"", ""Dates of Entrance Test"": ""10th & 12th July 2026"", ""Result of LPUNEST (Ph.D.)"": ""15th July 2026"", ""Interview Slot Booking"": ""15th - 17th July 2026"", ""Interview schedule"": ""20th - 26th July 2026"", ""Result of Interview"": ""30th July 2026"", ""Last Date of Admission"": ""10th August 2026\n20th August 2026"", ""Note: last date to take admission in Agriculture discipline is 10th August 2026."": """", ""l"": """"}"
Ph.D. (Zoology) [Part Time],P2D2-T,Ph.D.,"{""Online Registration starts on"": ""4th May 2026 onwards"", ""Last date of Registration"": ""30th June 2026\n5th July 2026"", ""Dates of Entrance Test"": ""10th & 12th July 2026"", ""Result of LPUNEST (Ph.D.)"": ""15th July 2026"", ""Interview Slot Booking"": ""15th - 17th July 2026"", ""Interview schedule"": ""20th - 26th July 2026"", ""Result of Interview"": ""30th July 2026"", ""Last Date of Admission"": ""10th August 2026\n20th August 2026"", ""Note: last date to take admission in Agriculture discipline is 10th August 2026."": """", ""l"": """"}"
Ph.D. (Chemistry) [Full Time],P2D6,Ph.D.,"{""Online Registration starts on"": ""4th May 2026 onwards"", ""Last date of Registration"": ""30th June 2026\n5th July 2026"", ""Dates of Entrance Test"": ""10th & 12th July 2026"", ""Result of LPUNEST (Ph.D.)"": ""15th July 2026"", ""Interview Slot Booking"": ""15th - 17th July 2026"", ""Interview schedule"": ""20th - 26th July 2026"", ""Result of Interview"": ""30th July 2026"", ""Last Date of Admission"": ""10th August 2026\n20th August 2026"", ""Note: last date to take admission in Agriculture discipline is 10th August 2026."": """", ""l"": """"}"
Ph.D. (Chemistry) [Part Time],P2D6-T,Ph.D.,"{""Online Registration starts on"": ""4th May 2026 onwards"", ""Last date of Registration"": ""30th June 2026\n5th July 2026"", ""Dates of Entrance Test"": ""10th & 12th July 2026"", ""Result of LPUNEST (Ph.D.)"": ""15th July 2026"", ""Interview Slot Booking"": ""15th - 17th July 2026"", ""Interview schedule"": ""20th - 26th July 2026"", ""Result of Interview"": ""30th July 2026"", ""Last Date of Admission"": ""10th August 2026\n20th August 2026"", ""Note: last date to take admission in Agriculture discipline is 10th August 2026."": """", ""l"": """"}"
Ph.D. (Physics) [Full Time],P2D8,Ph.D.,"{""Online Registration starts on"": ""4th May 2026 onwards"", ""Last date of Registration"": ""30th June 2026\n5th July 2026"", ""Dates of Entrance Test"": ""10th & 12th July 2026"", ""Result of LPUNEST (Ph.D.)"": ""15th July 2026"", ""Interview Slot Booking"": ""15th - 17th July 2026"", ""Interview schedule"": ""20th - 26th July 2026"", ""Result of Interview"": ""30th July 2026"", ""Last Date of Admission"": ""10th August 2026\n20th August 2026"", ""Note: last date to take admission in Agriculture discipline is 10th August 2026."": """", ""l"": """"}"
Ph.D. (Physics) [Part Time],P2D8-T,Ph.D.,"{""Online Registration starts on"": ""4th May 2026 onwards"", ""Last date of Registration"": ""30th June 2026\n5th July 2026"", ""Dates of Entrance Test"": ""10th & 12th July 2026"", ""Result of LPUNEST (Ph.D.)"": ""15th July 2026"", ""Interview Slot Booking"": ""15th - 17th July 2026"", ""Interview schedule"": ""20th - 26th July 2026"", ""Result of Interview"": ""30th July 2026"", ""Last Date of Admission"": ""10th August 2026\n20th August 2026"", ""Note: last date to take admission in Agriculture discipline is 10th August 2026."": """", ""l"": """"}"
Ph.D. (Mathematics) [Full Time],P2D9,Ph.D.,"{""Online Registration starts on"": ""4th May 2026 onwards"", ""Last date of Registration"": ""30th June 2026\n5th July 2026"", ""Dates of Entrance Test"": ""10th & 12th July 2026"", ""Result of LPUNEST (Ph.D.)"": ""15th July 2026"", ""Interview Slot Booking"": ""15th - 17th July 2026"", ""Interview schedule"": ""20th - 26th July 2026"", ""Result of Interview"": ""30th July 2026"", ""Last Date of Admission"": ""10th August 2026\n20th August 2026"", ""Note: last date to take admission in Agriculture discipline is 10th August 2026."": """", ""l"": """"}"
Ph.D. (Mathematics) [Part Time],P2D9-T,Ph.D.,"{""Online Registration starts on"": ""4th May 2026 onwards"", ""Last date of Registration"": ""30th June 2026\n5th July 2026"", ""Dates of Entrance Test"": ""10th & 12th July 2026"", ""Result of LPUNEST (Ph.D.)"": ""15th July 2026"", ""Interview Slot Booking"": ""15th - 17th July 2026"", ""Interview schedule"": ""20th - 26th July 2026"", ""Result of Interview"": ""30th July 2026"", ""Last Date of Admission"": ""10th August 2026\n20th August 2026"", ""Note: last date to take admission in Agriculture discipline is 10th August 2026."": """", ""l"": """"}"
Ph.D. (Statistics) [Full Time],P2DK,Ph.D.,"{""Online Registration starts on"": ""4th May 2026 onwards"", ""Last date of Registration"": ""30th June 2026\n5th July 2026"", ""Dates of Entrance Test"": ""10th & 12th July 2026"", ""Result of LPUNEST (Ph.D.)"": ""15th July 2026"", ""Interview Slot Booking"": ""15th - 17th July 2026"", ""Interview schedule"": ""20th - 26th July 2026"", ""Result of Interview"": ""30th July 2026"", ""Last Date of Admission"": ""10th August 2026\n20th August 2026"", ""Note: last date to take admission in Agriculture discipline is 10th August 2026."": """", ""l"": """"}"
Ph.D. (Statistics) [Part Time],P2DK-T,Ph.D.,"{""Online Registration starts on"": ""4th May 2026 onwards"", ""Last date of Registration"": ""30th June 2026\n5th July 2026"", ""Dates of Entrance Test"": ""10th & 12th July 2026"", ""Result of LPUNEST (Ph.D.)"": ""15th July 2026"", ""Interview Slot Booking"": ""15th - 17th July 2026"", ""Interview schedule"": ""20th - 26th July 2026"", ""Result of Interview"": ""30th July 2026"", ""Last Date of Admission"": ""10th August 2026\n20th August 2026"", ""Note: last date to take admission in Agriculture discipline is 10th August 2026."": """", ""l"": """"}"
Ph.D. (Management) [Full Time],P3D1,Ph.D.,"{""Online Registration starts on"": ""4th May 2026 onwards"", ""Last date of Registration"": ""30th June 2026\n5th July 2026"", ""Dates of Entrance Test"": ""10th & 12th July 2026"", ""Result of LPUNEST (Ph.D.)"": ""15th July 2026"", ""Interview Slot Booking"": ""15th - 17th July 2026"", ""Interview schedule"": ""20th - 26th July 2026"", ""Result of Interview"": ""30th July 2026"", ""Last Date of Admission"": ""10th August 2026\n20th August 2026"", ""Note: last date to take admission in Agriculture discipline is 10th August 2026."": """", ""l"": """"}"
Ph.D. (Management) [Part Time],P3D1-T,Ph.D.,"{""Online Registration starts on"": ""4th May 2026 onwards"", ""Last date of Registration"": ""30th June 2026\n5th July 2026"", ""Dates of Entrance Test"": ""10th & 12th July 2026"", ""Result of LPUNEST (Ph.D.)"": ""15th July 2026"", ""Interview Slot Booking"": ""15th - 17th July 2026"", ""Interview schedule"": ""20th - 26th July 2026"", ""Result of Interview"": ""30th July 2026"", ""Last Date of Admission"": ""10th August 2026\n20th August 2026"", ""Note: last date to take admission in Agriculture discipline is 10th August 2026."": """", ""l"": """"}"
Ph.D.(Commerce) [Full Time],P3D2,Ph.D.,"{""Online Registration starts on"": ""4th May 2026 onwards"", ""Last date of Registration"": ""30th June 2026\n5th July 2026"", ""Dates of Entrance Test"": ""10th & 12th July 2026"", ""Result of LPUNEST (Ph.D.)"": ""15th July 2026"", ""Interview Slot Booking"": ""15th - 17th July 2026"", ""Interview schedule"": ""20th - 26th July 2026"", ""Result of Interview"": ""30th July 2026"", ""Last Date of Admission"": ""10th August 2026\n20th August 2026"", ""Note: last date to take admission in Agriculture discipline is 10th August 2026."": """", ""l"": """"}"
Ph.D.(Commerce) [Part Time],P3D2-T,Ph.D.,"{""Online Registration starts on"": ""4th May 2026 onwards"", ""Last date of Registration"": ""30th June 2026\n5th July 2026"", ""Dates of Entrance Test"": ""10th & 12th July 2026"", ""Result of LPUNEST (Ph.D.)"": ""15th July 2026"", ""Interview Slot Booking"": ""15th - 17th July 2026"", ""Interview schedule"": ""20th - 26th July 2026"", ""Result of Interview"": ""30th July 2026"", ""Last Date of Admission"": ""10th August 2026\n20th August 2026"", ""Note: last date to take admission in Agriculture discipline is 10th August 2026."": """", ""l"": """"}"
Ph.D. (Economics) [Full Time],P3D3,Ph.D.,"{""Online Registration starts on"": ""4th May 2026 onwards"", ""Last date of Registration"": ""30th June 2026\n5th July 2026"", ""Dates of Entrance Test"": ""10th & 12th July 2026"", ""Result of LPUNEST (Ph.D.)"": ""15th July 2026"", ""Interview Slot Booking"": ""15th - 17th July 2026"", ""Interview schedule"": ""20th - 26th July 2026"", ""Result of Interview"": ""30th July 2026"", ""Last Date of Admission"": ""10th August 2026\n20th August 2026"", ""Note: last date to take admission in Agriculture discipline is 10th August 2026."": """", ""l"": """"}"
Ph.D. (Economics) [Part Time],P3D3-T,Ph.D.,"{""Online Registration starts on"": ""4th May 2026 onwards"", ""Last date of Registration"": ""30th June 2026\n5th July 2026"", ""Dates of Entrance Test"": ""10th & 12th July 2026"", ""Result of LPUNEST (Ph.D.)"": ""15th July 2026"", ""Interview Slot Booking"": ""15th - 17th July 2026"", ""Interview schedule"": ""20th - 26th July 2026"", ""Result of Interview"": ""30th July 2026"", ""Last Date of Admission"": ""10th August 2026\n20th August 2026"", ""Note: last date to take admission in Agriculture discipline is 10th August 2026."": """", ""l"": """"}"
Ph.D. (Hotel Management) [Full Time],P3D4,Ph.D.,"{""Online Registration starts on"": ""4th May 2026 onwards"", ""Last date of Registration"": ""30th June 2026\n5th July 2026"", ""Dates of Entrance Test"": ""10th & 12th July 2026"", ""Result of LPUNEST (Ph.D.)"": ""15th July 2026"", ""Interview Slot Booking"": ""15th - 17th July 2026"", ""Interview schedule"": ""20th - 26th July 2026"", ""Result of Interview"": ""30th July 2026"", ""Last Date of Admission"": ""10th August 2026\n20th August 2026"", ""Note: last date to take admission in Agriculture discipline is 10th August 2026."": """", ""l"": """"}"
Ph.D. (Hotel Management) [Part Time],P3D4-T,Ph.D.,"{""Online Registration starts on"": ""4th May 2026 onwards"", ""Last date of Registration"": ""30th June 2026\n5th July 2026"", ""Dates of Entrance Test"": ""10th & 12th July 2026"", ""Result of LPUNEST (Ph.D.)"": ""15th July 2026"", ""Interview Slot Booking"": ""15th - 17th July 2026"", ""Interview schedule"": ""20th - 26th July 2026"", ""Result of Interview"": ""30th July 2026"", ""Last Date of Admission"": ""10th August 2026\n20th August 2026"", ""Note: last date to take admission in Agriculture discipline is 10th August 2026."": """", ""l"": """"}"
Ph.D. (Tourism Management) [Full Time],P3D5-NN1,Ph.D.,"{""Online Registration starts on"": ""4th May 2026 onwards"", ""Last date of Registration"": ""30th June 2026\n5th July 2026"", ""Dates of Entrance Test"": ""10th & 12th July 2026"", ""Result of LPUNEST (Ph.D.)"": ""15th July 2026"", ""Interview Slot Booking"": ""15th - 17th July 2026"", ""Interview schedule"": ""20th - 26th July 2026"", ""Result of Interview"": ""30th July 2026"", ""Last Date of Admission"": ""10th August 2026\n20th August 2026"", ""Note: last date to take admission in Agriculture discipline is 10th August 2026."": """", ""l"": """"}"
Ph.D. (Tourism Management) [Part Time],P3D5-TN1,Ph.D.,"{""Online Registration starts on"": ""4th May 2026 onwards"", ""Last date of Registration"": ""30th June 2026\n5th July 2026"", ""Dates of Entrance Test"": ""10th & 12th July 2026"", ""Result of LPUNEST (Ph.D.)"": ""15th July 2026"", ""Interview Slot Booking"": ""15th - 17th July 2026"", ""Interview schedule"": ""20th - 26th July 2026"", ""Result of Interview"": ""30th July 2026"", ""Last Date of Admission"": ""10th August 2026\n20th August 2026"", ""Note: last date to take admission in Agriculture discipline is 10th August 2026."": """", ""l"": """"}"
Ph.D. (Law) [Full Time],P4DE,Ph.D.,"{""Online Registration starts on"": ""4th May 2026 onwards"", ""Last date of Registration"": ""30th June 2026\n5th July 2026"", ""Dates of Entrance Test"": ""10th & 12th July 2026"", ""Result of LPUNEST (Ph.D.)"": ""15th July 2026"", ""Interview Slot Booking"": ""15th - 17th July 2026"", ""Interview schedule"": ""20th - 26th July 2026"", ""Result of Interview"": ""30th July 2026"", ""Last Date of Admission"": ""10th August 2026\n20th August 2026"", ""Note: last date to take admission in Agriculture discipline is 10th August 2026."": """", ""l"": """"}"
Ph.D. (Law) [Part Time],P4DE-T,Ph.D.,"{""Online Registration starts on"": ""4th May 2026 onwards"", ""Last date of Registration"": ""30th June 2026\n5th July 2026"", ""Dates of Entrance Test"": ""10th & 12th July 2026"", ""Result of LPUNEST (Ph.D.)"": ""15th July 2026"", ""Interview Slot Booking"": ""15th - 17th July 2026"", ""Interview schedule"": ""20th - 26th July 2026"", ""Result of Interview"": ""30th July 2026"", ""Last Date of Admission"": ""10th August 2026\n20th August 2026"", ""Note: last date to take admission in Agriculture discipline is 10th August 2026."": """", ""l"": """"}"
Ph.D. (Planning) [Full Time],P7D3,Ph.D.,"{""Online Registration starts on"": ""4th May 2026 onwards"", ""Last date of Registration"": ""30th June 2026\n5th July 2026"", ""Dates of Entrance Test"": ""10th & 12th July 2026"", ""Result of LPUNEST (Ph.D.)"": ""15th July 2026"", ""Interview Slot Booking"": ""15th - 17th July 2026"", ""Interview schedule"": ""20th - 26th July 2026"", ""Result of Interview"": ""30th July 2026"", ""Last Date of Admission"": ""10th August 2026\n20th August 2026"", ""Note: last date to take admission in Agriculture discipline is 10th August 2026."": """", ""l"": """"}"
Ph.D. (Planning) [Part Time],P7D3-T,Ph.D.,"{""Online Registration starts on"": ""4th May 2026 onwards"", ""Last date of Registration"": ""30th June 2026\n5th July 2026"", ""Dates of Entrance Test"": ""10th & 12th July 2026"", ""Result of LPUNEST (Ph.D.)"": ""15th July 2026"", ""Interview Slot Booking"": ""15th - 17th July 2026"", ""Interview schedule"": ""20th - 26th July 2026"", ""Result of Interview"": ""30th July 2026"", ""Last Date of Admission"": ""10th August 2026\n20th August 2026"", ""Note: last date to take admission in Agriculture discipline is 10th August 2026."": """", ""l"": """"}"
Ph.D. (Architecture) [Full Time],P7D1,Ph.D.,"{""Online Registration starts on"": ""4th May 2026 onwards"", ""Last date of Registration"": ""30th June 2026\n5th July 2026"", ""Dates of Entrance Test"": ""10th & 12th July 2026"", ""Result of LPUNEST (Ph.D.)"": ""15th July 2026"", ""Interview Slot Booking"": ""15th - 17th July 2026"", ""Interview schedule"": ""20th - 26th July 2026"", ""Result of Interview"": ""30th July 2026"", ""Last Date of Admission"": ""10th August 2026\n20th August 2026"", ""Note: last date to take admission in Agriculture discipline is 10th August 2026."": """", ""l"": """"}"
Ph.D. (Architecture) [Part Time],P7D1-T,Ph.D.,"{""Online Registration starts on"": ""4th May 2026 onwards"", ""Last date of Registration"": ""30th June 2026\n5th July 2026"", ""Dates of Entrance Test"": ""10th & 12th July 2026"", ""Result of LPUNEST (Ph.D.)"": ""15th July 2026"", ""Interview Slot Booking"": ""15th - 17th July 2026"", ""Interview schedule"": ""20th - 26th July 2026"", ""Result of Interview"": ""30th July 2026"", ""Last Date of Admission"": ""10th August 2026\n20th August 2026"", ""Note: last date to take admission in Agriculture discipline is 10th August 2026."": """", ""l"": """"}"
Ph.D. (Library Science) [Full Time],P4DB,Ph.D.,"{""Online Registration starts on"": ""4th May 2026 onwards"", ""Last date of Registration"": ""30th June 2026\n5th July 2026"", ""Dates of Entrance Test"": ""10th & 12th July 2026"", ""Result of LPUNEST (Ph.D.)"": ""15th July 2026"", ""Interview Slot Booking"": ""15th - 17th July 2026"", ""Interview schedule"": ""20th - 26th July 2026"", ""Result of Interview"": ""30th July 2026"", ""Last Date of Admission"": ""10th August 2026\n20th August 2026"", ""Note: last date to take admission in Agriculture discipline is 10th August 2026."": """", ""l"": """"}"
Ph.D. (Library Science) [Part Time],P4DB-T,Ph.D.,"{""Online Registration starts on"": ""4th May 2026 onwards"", ""Last date of Registration"": ""30th June 2026\n5th July 2026"", ""Dates of Entrance Test"": ""10th & 12th July 2026"", ""Result of LPUNEST (Ph.D.)"": ""15th July 2026"", ""Interview Slot Booking"": ""15th - 17th July 2026"", ""Interview schedule"": ""20th - 26th July 2026"", ""Result of Interview"": ""30th July 2026"", ""Last Date of Admission"": ""10th August 2026\n20th August 2026"", ""Note: last date to take admission in Agriculture discipline is 10th August 2026."": """", ""l"": """"}"
Ph.D. (Fashion) [Full Time],P7D2-NN3,Ph.D.,"{""Online Registration starts on"": ""4th May 2026 onwards"", ""Last date of Registration"": ""30th June 2026\n5th July 2026"", ""Dates of Entrance Test"": ""10th & 12th July 2026"", ""Result of LPUNEST (Ph.D.)"": ""15th July 2026"", ""Interview Slot Booking"": ""15th - 17th July 2026"", ""Interview schedule"": ""20th - 26th July 2026"", ""Result of Interview"": ""30th July 2026"", ""Last Date of Admission"": ""10th August 2026\n20th August 2026"", ""Note: last date to take admission in Agriculture discipline is 10th August 2026."": """", ""l"": """"}"
Ph.D. (Fashion) [Part Time],P7D2-TN3,Ph.D.,"{""Online Registration starts on"": ""4th May 2026 onwards"", ""Last date of Registration"": ""30th June 2026\n5th July 2026"", ""Dates of Entrance Test"": ""10th & 12th July 2026"", ""Result of LPUNEST (Ph.D.)"": ""15th July 2026"", ""Interview Slot Booking"": ""15th - 17th July 2026"", ""Interview schedule"": ""20th - 26th July 2026"", ""Result of Interview"": ""30th July 2026"", ""Last Date of Admission"": ""10th August 2026\n20th August 2026"", ""Note: last date to take admission in Agriculture discipline is 10th August 2026."": """", ""l"": """"}"
Ph.D. (Interior and Furniture Design) [Full Time],P7D2-NN1,Ph.D.,"{""Online Registration starts on"": ""4th May 2026 onwards"", ""Last date of Registration"": ""30th June 2026\n5th July 2026"", ""Dates of Entrance Test"": ""10th & 12th July 2026"", ""Result of LPUNEST (Ph.D.)"": ""15th July 2026"", ""Interview Slot Booking"": ""15th - 17th July 2026"", ""Interview schedule"": ""20th - 26th July 2026"", ""Result of Interview"": ""30th July 2026"", ""Last Date of Admission"": ""10th August 2026\n20th August 2026"", ""Note: last date to take admission in Agriculture discipline is 10th August 2026."": """", ""l"": """"}"
Ph.D. (Interior and Furniture Design) [Part Time],P7D2-TN1,Ph.D.,"{""Online Registration starts on"": ""4th May 2026 onwards"", ""Last date of Registration"": ""30th June 2026\n5th July 2026"", ""Dates of Entrance Test"": ""10th & 12th July 2026"", ""Result of LPUNEST (Ph.D.)"": ""15th July 2026"", ""Interview Slot Booking"": ""15th - 17th July 2026"", ""Interview schedule"": ""20th - 26th July 2026"", ""Result of Interview"": ""30th July 2026"", ""Last Date of Admission"": ""10th August 2026\n20th August 2026"", ""Note: last date to take admission in Agriculture discipline is 10th August 2026."": """", ""l"": """"}"
Ph.D. (Product and Industrial Design) [Full Time],P7D2-NN2,Ph.D.,"{""Online Registration starts on"": ""4th May 2026 onwards"", ""Last date of Registration"": ""30th June 2026\n5th July 2026"", ""Dates of Entrance Test"": ""10th & 12th July 2026"", ""Result of LPUNEST (Ph.D.)"": ""15th July 2026"", ""Interview Slot Booking"": ""15th - 17th July 2026"", ""Interview schedule"": ""20th - 26th July 2026"", ""Result of Interview"": ""30th July 2026"", ""Last Date of Admission"": ""10th August 2026\n20th August 2026"", ""Note: last date to take admission in Agriculture discipline is 10th August 2026."": """", ""l"": """"}"
Ph.D. (Product and Industrial Design) [Part Time],P7D2-TN2,Ph.D.,"{""Online Registration starts on"": ""4th May 2026 onwards"", ""Last date of Registration"": ""30th June 2026\n5th July 2026"", ""Dates of Entrance Test"": ""10th & 12th July 2026"", ""Result of LPUNEST (Ph.D.)"": ""15th July 2026"", ""Interview Slot Booking"": ""15th - 17th July 2026"", ""Interview schedule"": ""20th - 26th July 2026"", ""Result of Interview"": ""30th July 2026"", ""Last Date of Admission"": ""10th August 2026\n20th August 2026"", ""Note: last date to take admission in Agriculture discipline is 10th August 2026."": """", ""l"": """"}"
Ph.D. (User Experience) [Full Time],P7D2-NN9,Ph.D.,"{""Online Registration starts on"": ""4th May 2026 onwards"", ""Last date of Registration"": ""30th June 2026\n5th July 2026"", ""Dates of Entrance Test"": ""10th & 12th July 2026"", ""Result of LPUNEST (Ph.D.)"": ""15th July 2026"", ""Interview Slot Booking"": ""15th - 17th July 2026"", ""Interview schedule"": ""20th - 26th July 2026"", ""Result of Interview"": ""30th July 2026"", ""Last Date of Admission"": ""10th August 2026\n20th August 2026"", ""Note: last date to take admission in Agriculture discipline is 10th August 2026."": """", ""l"": """"}"
Ph.D. (User Experience) [Part Time],P7D2-TN9,Ph.D.,"{""Online Registration starts on"": ""4th May 2026 onwards"", ""Last date of Registration"": ""30th June 2026\n5th July 2026"", ""Dates of Entrance Test"": ""10th & 12th July 2026"", ""Result of LPUNEST (Ph.D.)"": ""15th July 2026"", ""Interview Slot Booking"": ""15th - 17th July 2026"", ""Interview schedule"": ""20th - 26th July 2026"", ""Result of Interview"": ""30th July 2026"", ""Last Date of Admission"": ""10th August 2026\n20th August 2026"", ""Note: last date to take admission in Agriculture discipline is 10th August 2026."": """", ""l"": """"}"
Ph.D. (Fine Arts) [Full Time],P4D1,Ph.D.,"{""Online Registration starts on"": ""4th May 2026 onwards"", ""Last date of Registration"": ""30th June 2026\n5th July 2026"", ""Dates of Entrance Test"": ""10th & 12th July 2026"", ""Result of LPUNEST (Ph.D.)"": ""15th July 2026"", ""Interview Slot Booking"": ""15th - 17th July 2026"", ""Interview schedule"": ""20th - 26th July 2026"", ""Result of Interview"": ""30th July 2026"", ""Last Date of Admission"": ""10th August 2026\n20th August 2026"", ""Note: last date to take admission in Agriculture discipline is 10th August 2026."": """", ""l"": """"}"
Ph.D. (Fine Arts) [Part Time],P4D1-T,Ph.D.,"{""Online Registration starts on"": ""4th May 2026 onwards"", ""Last date of Registration"": ""30th June 2026\n5th July 2026"", ""Dates of Entrance Test"": ""10th & 12th July 2026"", ""Result of LPUNEST (Ph.D.)"": ""15th July 2026"", ""Interview Slot Booking"": ""15th - 17th July 2026"", ""Interview schedule"": ""20th - 26th July 2026"", ""Result of Interview"": ""30th July 2026"", ""Last Date of Admission"": ""10th August 2026\n20th August 2026"", ""Note: last date to take admission in Agriculture discipline is 10th August 2026."": """", ""l"": """"}"
Ph.D. (Performing Arts-Music) [Full Time],P4D2-NN1,Ph.D.,"{""Online Registration starts on"": ""4th May 2026 onwards"", ""Last date of Registration"": ""30th June 2026\n5th July 2026"", ""Dates of Entrance Test"": ""10th & 12th July 2026"", ""Result of LPUNEST (Ph.D.)"": ""15th July 2026"", ""Interview Slot Booking"": ""15th - 17th July 2026"", ""Interview schedule"": ""20th - 26th July 2026"", ""Result of Interview"": ""30th July 2026"", ""Last Date of Admission"": ""10th August 2026\n20th August 2026"", ""Note: last date to take admission in Agriculture discipline is 10th August 2026."": """", ""l"": """"}"
Ph.D. (Performing Arts-Music) [Part Time],P4D2-TN1,Ph.D.,"{""Online Registration starts on"": ""4th May 2026 onwards"", ""Last date of Registration"": ""30th June 2026\n5th July 2026"", ""Dates of Entrance Test"": ""10th & 12th July 2026"", ""Result of LPUNEST (Ph.D.)"": ""15th July 2026"", ""Interview Slot Booking"": ""15th - 17th July 2026"", ""Interview schedule"": ""20th - 26th July 2026"", ""Result of Interview"": ""30th July 2026"", ""Last Date of Admission"": ""10th August 2026\n20th August 2026"", ""Note: last date to take admission in Agriculture discipline is 10th August 2026."": """", ""l"": """"}"
Ph.D. (Performing Arts-Theatre) [Full Time],P4D2-NNA,Ph.D.,"{""Online Registration starts on"": ""4th May 2026 onwards"", ""Last date of Registration"": ""30th June 2026\n5th July 2026"", ""Dates of Entrance Test"": ""10th & 12th July 2026"", ""Result of LPUNEST (Ph.D.)"": ""15th July 2026"", ""Interview Slot Booking"": ""15th - 17th July 2026"", ""Interview schedule"": ""20th - 26th July 2026"", ""Result of Interview"": ""30th July 2026"", ""Last Date of Admission"": ""10th August 2026\n20th August 2026"", ""Note: last date to take admission in Agriculture discipline is 10th August 2026."": """", ""l"": """"}"
Ph.D. (Performing Arts-Theatre) [Part Time],P4D2-TNA,Ph.D.,"{""Online Registration starts on"": ""4th May 2026 onwards"", ""Last date of Registration"": ""30th June 2026\n5th July 2026"", ""Dates of Entrance Test"": ""10th & 12th July 2026"", ""Result of LPUNEST (Ph.D.)"": ""15th July 2026"", ""Interview Slot Booking"": ""15th - 17th July 2026"", ""Interview schedule"": ""20th - 26th July 2026"", ""Result of Interview"": ""30th July 2026"", ""Last Date of Admission"": ""10th August 2026\n20th August 2026"", ""Note: last date to take admission in Agriculture discipline is 10th August 2026."": """", ""l"": """"}"
Ph.D. (Psychology) [Full Time],P4DA,Ph.D.,"{""Online Registration starts on"": ""4th May 2026 onwards"", ""Last date of Registration"": ""30th June 2026\n5th July 2026"", ""Dates of Entrance Test"": ""10th & 12th July 2026"", ""Result of LPUNEST (Ph.D.)"": ""15th July 2026"", ""Interview Slot Booking"": ""15th - 17th July 2026"", ""Interview schedule"": ""20th - 26th July 2026"", ""Result of Interview"": ""30th July 2026"", ""Last Date of Admission"": ""10th August 2026\n20th August 2026"", ""Note: last date to take admission in Agriculture discipline is 10th August 2026."": """", ""l"": """"}"
Ph.D. (Psychology) [Part Time],P4DA-T,Ph.D.,"{""Online Registration starts on"": ""4th May 2026 onwards"", ""Last date of Registration"": ""30th June 2026\n5th July 2026"", ""Dates of Entrance Test"": ""10th & 12th July 2026"", ""Result of LPUNEST (Ph.D.)"": ""15th July 2026"", ""Interview Slot Booking"": ""15th - 17th July 2026"", ""Interview schedule"": ""20th - 26th July 2026"", ""Result of Interview"": ""30th July 2026"", ""Last Date of Admission"": ""10th August 2026\n20th August 2026"", ""Note: last date to take admission in Agriculture discipline is 10th August 2026."": """", ""l"": """"}"
Ph.D. (Journalism and Mass Communication) [Full Time],P7D4,Ph.D.,"{""Online Registration starts on"": ""4th May 2026 onwards"", ""Last date of Registration"": ""30th June 2026\n5th July 2026"", ""Dates of Entrance Test"": ""10th & 12th July 2026"", ""Result of LPUNEST (Ph.D.)"": ""15th July 2026"", ""Interview Slot Booking"": ""15th - 17th July 2026"", ""Interview schedule"": ""20th - 26th July 2026"", ""Result of Interview"": ""30th July 2026"", ""Last Date of Admission"": ""10th August 2026\n20th August 2026"", ""Note: last date to take admission in Agriculture discipline is 10th August 2026."": """", ""l"": """"}"
Ph.D. (Journalism and Mass Communication) [Part Time],P7D4-T,Ph.D.,"{""Online Registration starts on"": ""4th May 2026 onwards"", ""Last date of Registration"": ""30th June 2026\n5th July 2026"", ""Dates of Entrance Test"": ""10th & 12th July 2026"", ""Result of LPUNEST (Ph.D.)"": ""15th July 2026"", ""Interview Slot Booking"": ""15th - 17th July 2026"", ""Interview schedule"": ""20th - 26th July 2026"", ""Result of Interview"": ""30th July 2026"", ""Last Date of Admission"": ""10th August 2026\n20th August 2026"", ""Note: last date to take admission in Agriculture discipline is 10th August 2026."": """", ""l"": """"}"
Ph.D. (Film and TV Production) [Full Time],P7D2-NN6,Ph.D.,"{""Online Registration starts on"": ""4th May 2026 onwards"", ""Last date of Registration"": ""30th June 2026\n5th July 2026"", ""Dates of Entrance Test"": ""10th & 12th July 2026"", ""Result of LPUNEST (Ph.D.)"": ""15th July 2026"", ""Interview Slot Booking"": ""15th - 17th July 2026"", ""Interview schedule"": ""20th - 26th July 2026"", ""Result of Interview"": ""30th July 2026"", ""Last Date of Admission"": ""10th August 2026\n20th August 2026"", ""Note: last date to take admission in Agriculture discipline is 10th August 2026."": """", ""l"": """"}"
Ph.D. (Film and TV Production) [Part Time],P7D2-TN6,Ph.D.,"{""Online Registration starts on"": ""4th May 2026 onwards"", ""Last date of Registration"": ""30th June 2026\n5th July 2026"", ""Dates of Entrance Test"": ""10th & 12th July 2026"", ""Result of LPUNEST (Ph.D.)"": ""15th July 2026"", ""Interview Slot Booking"": ""15th - 17th July 2026"", ""Interview schedule"": ""20th - 26th July 2026"", ""Result of Interview"": ""30th July 2026"", ""Last Date of Admission"": ""10th August 2026\n20th August 2026"", ""Note: last date to take admission in Agriculture discipline is 10th August 2026."": """", ""l"": """"}"
Ph.D. (English) [Full Time],P4D3,Ph.D.,"{""Online Registration starts on"": ""4th May 2026 onwards"", ""Last date of Registration"": ""30th June 2026\n5th July 2026"", ""Dates of Entrance Test"": ""10th & 12th July 2026"", ""Result of LPUNEST (Ph.D.)"": ""15th July 2026"", ""Interview Slot Booking"": ""15th - 17th July 2026"", ""Interview schedule"": ""20th - 26th July 2026"", ""Result of Interview"": ""30th July 2026"", ""Last Date of Admission"": ""10th August 2026\n20th August 2026"", ""Note: last date to take admission in Agriculture discipline is 10th August 2026."": """", ""l"": """"}"
Ph.D. (English) [Part Time],P4D3-T,Ph.D.,"{""Online Registration starts on"": ""4th May 2026 onwards"", ""Last date of Registration"": ""30th June 2026\n5th July 2026"", ""Dates of Entrance Test"": ""10th & 12th July 2026"", ""Result of LPUNEST (Ph.D.)"": ""15th July 2026"", ""Interview Slot Booking"": ""15th - 17th July 2026"", ""Interview schedule"": ""20th - 26th July 2026"", ""Result of Interview"": ""30th July 2026"", ""Last Date of Admission"": ""10th August 2026\n20th August 2026"", ""Note: last date to take admission in Agriculture discipline is 10th August 2026."": """", ""l"": """"}"
Ph.D. (Political Science) [Full Time],P4D8,Ph.D.,"{""Online Registration starts on"": ""4th May 2026 onwards"", ""Last date of Registration"": ""30th June 2026\n5th July 2026"", ""Dates of Entrance Test"": ""10th & 12th July 2026"", ""Result of LPUNEST (Ph.D.)"": ""15th July 2026"", ""Interview Slot Booking"": ""15th - 17th July 2026"", ""Interview schedule"": ""20th - 26th July 2026"", ""Result of Interview"": ""30th July 2026"", ""Last Date of Admission"": ""10th August 2026\n20th August 2026"", ""Note: last date to take admission in Agriculture discipline is 10th August 2026."": """", ""l"": """"}"
Ph.D. (Political Science) [Part Time],P4D8-T,Ph.D.,"{""Online Registration starts on"": ""4th May 2026 onwards"", ""Last date of Registration"": ""30th June 2026\n5th July 2026"", ""Dates of Entrance Test"": ""10th & 12th July 2026"", ""Result of LPUNEST (Ph.D.)"": ""15th July 2026"", ""Interview Slot Booking"": ""15th - 17th July 2026"", ""Interview schedule"": ""20th - 26th July 2026"", ""Result of Interview"": ""30th July 2026"", ""Last Date of Admission"": ""10th August 2026\n20th August 2026"", ""Note: last date to take admission in Agriculture discipline is 10th August 2026."": """", ""l"": """"}"
Ph.D. (Sociology) [Full Time],P4D7,Ph.D.,"{""Online Registration starts on"": ""4th May 2026 onwards"", ""Last date of Registration"": ""30th June 2026\n5th July 2026"", ""Dates of Entrance Test"": ""10th & 12th July 2026"", ""Result of LPUNEST (Ph.D.)"": ""15th July 2026"", ""Interview Slot Booking"": ""15th - 17th July 2026"", ""Interview schedule"": ""20th - 26th July 2026"", ""Result of Interview"": ""30th July 2026"", ""Last Date of Admission"": ""10th August 2026\n20th August 2026"", ""Note: last date to take admission in Agriculture discipline is 10th August 2026."": """", ""l"": """"}"
Ph.D. (Sociology) [Part Time],P4D7-T,Ph.D.,"{""Online Registration starts on"": ""4th May 2026 onwards"", ""Last date of Registration"": ""30th June 2026\n5th July 2026"", ""Dates of Entrance Test"": ""10th & 12th July 2026"", ""Result of LPUNEST (Ph.D.)"": ""15th July 2026"", ""Interview Slot Booking"": ""15th - 17th July 2026"", ""Interview schedule"": ""20th - 26th July 2026"", ""Result of Interview"": ""30th July 2026"", ""Last Date of Admission"": ""10th August 2026\n20th August 2026"", ""Note: last date to take admission in Agriculture discipline is 10th August 2026."": """", ""l"": """"}"
Ph.D. (Social Work) [Full Time],P4DK,Ph.D.,"{""Online Registration starts on"": ""4th May 2026 onwards"", ""Last date of Registration"": ""30th June 2026\n5th July 2026"", ""Dates of Entrance Test"": ""10th & 12th July 2026"", ""Result of LPUNEST (Ph.D.)"": ""15th July 2026"", ""Interview Slot Booking"": ""15th - 17th July 2026"", ""Interview schedule"": ""20th - 26th July 2026"", ""Result of Interview"": ""30th July 2026"", ""Last Date of Admission"": ""10th August 2026\n20th August 2026"", ""Note: last date to take admission in Agriculture discipline is 10th August 2026."": """", ""l"": """"}"
Ph.D. (Social Work) [Part Time],P4DK-T,Ph.D.,"{""Online Registration starts on"": ""4th May 2026 onwards"", ""Last date of Registration"": ""30th June 2026\n5th July 2026"", ""Dates of Entrance Test"": ""10th & 12th July 2026"", ""Result of LPUNEST (Ph.D.)"": ""15th July 2026"", ""Interview Slot Booking"": ""15th - 17th July 2026"", ""Interview schedule"": ""20th - 26th July 2026"", ""Result of Interview"": ""30th July 2026"", ""Last Date of Admission"": ""10th August 2026\n20th August 2026"", ""Note: last date to take admission in Agriculture discipline is 10th August 2026."": """", ""l"": """"}"
Ph.D. (History) [Full Time],P4D6,Ph.D.,"{""Online Registration starts on"": ""4th May 2026 onwards"", ""Last date of Registration"": ""30th June 2026\n5th July 2026"", ""Dates of Entrance Test"": ""10th & 12th July 2026"", ""Result of LPUNEST (Ph.D.)"": ""15th July 2026"", ""Interview Slot Booking"": ""15th - 17th July 2026"", ""Interview schedule"": ""20th - 26th July 2026"", ""Result of Interview"": ""30th July 2026"", ""Last Date of Admission"": ""10th August 2026\n20th August 2026"", ""Note: last date to take admission in Agriculture discipline is 10th August 2026."": """", ""l"": """"}"
Ph.D. (History) [Part Time],P4D6-T,Ph.D.,"{""Online Registration starts on"": ""4th May 2026 onwards"", ""Last date of Registration"": ""30th June 2026\n5th July 2026"", ""Dates of Entrance Test"": ""10th & 12th July 2026"", ""Result of LPUNEST (Ph.D.)"": ""15th July 2026"", ""Interview Slot Booking"": ""15th - 17th July 2026"", ""Interview schedule"": ""20th - 26th July 2026"", ""Result of Interview"": ""30th July 2026"", ""Last Date of Admission"": ""10th August 2026\n20th August 2026"", ""Note: last date to take admission in Agriculture discipline is 10th August 2026."": """", ""l"": """"}"
Ph.D. (Hindi) [Full Time],P4D5,Ph.D.,"{""Online Registration starts on"": ""4th May 2026 onwards"", ""Last date of Registration"": ""30th June 2026\n5th July 2026"", ""Dates of Entrance Test"": ""10th & 12th July 2026"", ""Result of LPUNEST (Ph.D.)"": ""15th July 2026"", ""Interview Slot Booking"": ""15th - 17th July 2026"", ""Interview schedule"": ""20th - 26th July 2026"", ""Result of Interview"": ""30th July 2026"", ""Last Date of Admission"": ""10th August 2026\n20th August 2026"", ""Note: last date to take admission in Agriculture discipline is 10th August 2026."": """", ""l"": """"}"
Ph.D. (Hindi) [Part Time],P4D5-T,Ph.D.,"{""Online Registration starts on"": ""4th May 2026 onwards"", ""Last date of Registration"": ""30th June 2026\n5th July 2026"", ""Dates of Entrance Test"": ""10th & 12th July 2026"", ""Result of LPUNEST (Ph.D.)"": ""15th July 2026"", ""Interview Slot Booking"": ""15th - 17th July 2026"", ""Interview schedule"": ""20th - 26th July 2026"", ""Result of Interview"": ""30th July 2026"", ""Last Date of Admission"": ""10th August 2026\n20th August 2026"", ""Note: last date to take admission in Agriculture discipline is 10th August 2026."": """", ""l"": """"}"
Ph.D. (Geography) [Full Time],P4D9,Ph.D.,"{""Online Registration starts on"": ""4th May 2026 onwards"", ""Last date of Registration"": ""30th June 2026\n5th July 2026"", ""Dates of Entrance Test"": ""10th & 12th July 2026"", ""Result of LPUNEST (Ph.D.)"": ""15th July 2026"", ""Interview Slot Booking"": ""15th - 17th July 2026"", ""Interview schedule"": ""20th - 26th July 2026"", ""Result of Interview"": ""30th July 2026"", ""Last Date of Admission"": ""10th August 2026\n20th August 2026"", ""Note: last date to take admission in Agriculture discipline is 10th August 2026."": """", ""l"": """"}"
Ph.D. (Geography) [Part Time],P4D9-T,Ph.D.,"{""Online Registration starts on"": ""4th May 2026 onwards"", ""Last date of Registration"": ""30th June 2026\n5th July 2026"", ""Dates of Entrance Test"": ""10th & 12th July 2026"", ""Result of LPUNEST (Ph.D.)"": ""15th July 2026"", ""Interview Slot Booking"": ""15th - 17th July 2026"", ""Interview schedule"": ""20th - 26th July 2026"", ""Result of Interview"": ""30th July 2026"", ""Last Date of Admission"": ""10th August 2026\n20th August 2026"", ""Note: last date to take admission in Agriculture discipline is 10th August 2026."": """", ""l"": """"}"
Ph.D. (Education) [Full Time],P6D1,Ph.D.,"{""Online Registration starts on"": ""4th May 2026 onwards"", ""Last date of Registration"": ""30th June 2026\n5th July 2026"", ""Dates of Entrance Test"": ""10th & 12th July 2026"", ""Result of LPUNEST (Ph.D.)"": ""15th July 2026"", ""Interview Slot Booking"": ""15th - 17th July 2026"", ""Interview schedule"": ""20th - 26th July 2026"", ""Result of Interview"": ""30th July 2026"", ""Last Date of Admission"": ""10th August 2026\n20th August 2026"", ""Note: last date to take admission in Agriculture discipline is 10th August 2026."": """", ""l"": """"}"
Ph.D. (Education) [Part Time],P6D1-T,Ph.D.,"{""Online Registration starts on"": ""4th May 2026 onwards"", ""Last date of Registration"": ""30th June 2026\n5th July 2026"", ""Dates of Entrance Test"": ""10th & 12th July 2026"", ""Result of LPUNEST (Ph.D.)"": ""15th July 2026"", ""Interview Slot Booking"": ""15th - 17th July 2026"", ""Interview schedule"": ""20th - 26th July 2026"", ""Result of Interview"": ""30th July 2026"", ""Last Date of Admission"": ""10th August 2026\n20th August 2026"", ""Note: last date to take admission in Agriculture discipline is 10th August 2026."": """", ""l"": """"}"
Ph.D. (Public Administration) [Full Time],P4DF,Ph.D.,"{""Online Registration starts on"": ""4th May 2026 onwards"", ""Last date of Registration"": ""30th June 2026\n5th July 2026"", ""Dates of Entrance Test"": ""10th & 12th July 2026"", ""Result of LPUNEST (Ph.D.)"": ""15th July 2026"", ""Interview Slot Booking"": ""15th - 17th July 2026"", ""Interview schedule"": ""20th - 26th July 2026"", ""Result of Interview"": ""30th July 2026"", ""Last Date of Admission"": ""10th August 2026\n20th August 2026"", ""Note: last date to take admission in Agriculture discipline is 10th August 2026."": """", ""l"": """"}"
Ph.D. (Public Administration) [Part Time],P4DF-T,Ph.D.,"{""Online Registration starts on"": ""4th May 2026 onwards"", ""Last date of Registration"": ""30th June 2026\n5th July 2026"", ""Dates of Entrance Test"": ""10th & 12th July 2026"", ""Result of LPUNEST (Ph.D.)"": ""15th July 2026"", ""Interview Slot Booking"": ""15th - 17th July 2026"", ""Interview schedule"": ""20th - 26th July 2026"", ""Result of Interview"": ""30th July 2026"", ""Last Date of Admission"": ""10th August 2026\n20th August 2026"", ""Note: last date to take admission in Agriculture discipline is 10th August 2026."": """", ""l"": """"}"
Ph.D. (Physical Education) [Full Time],P6D2,Ph.D.,"{""Online Registration starts on"": ""4th May 2026 onwards"", ""Last date of Registration"": ""30th June 2026\n5th July 2026"", ""Dates of Entrance Test"": ""10th & 12th July 2026"", ""Result of LPUNEST (Ph.D.)"": ""15th July 2026"", ""Interview Slot Booking"": ""15th - 17th July 2026"", ""Interview schedule"": ""20th - 26th July 2026"", ""Result of Interview"": ""30th July 2026"", ""Last Date of Admission"": ""10th August 2026\n20th August 2026"", ""Note: last date to take admission in Agriculture discipline is 10th August 2026."": """", ""l"": """"}"
Ph.D. (Physical Education) [Part Time],P6D2-T,Ph.D.,"{""Online Registration starts on"": ""4th May 2026 onwards"", ""Last date of Registration"": ""30th June 2026\n5th July 2026"", ""Dates of Entrance Test"": ""10th & 12th July 2026"", ""Result of LPUNEST (Ph.D.)"": ""15th July 2026"", ""Interview Slot Booking"": ""15th - 17th July 2026"", ""Interview schedule"": ""20th - 26th July 2026"", ""Result of Interview"": ""30th July 2026"", ""Last Date of Admission"": ""10th August 2026\n20th August 2026"", ""Note: last date to take admission in Agriculture discipline is 10th August 2026."": """", ""l"": """"}"
Ph.D. (Punjabi) [Full Time],P4D4,Ph.D.,"{""Online Registration starts on"": ""4th May 2026 onwards"", ""Last date of Registration"": ""30th June 2026\n5th July 2026"", ""Dates of Entrance Test"": ""10th & 12th July 2026"", ""Result of LPUNEST (Ph.D.)"": ""15th July 2026"", ""Interview Slot Booking"": ""15th - 17th July 2026"", ""Interview schedule"": ""20th - 26th July 2026"", ""Result of Interview"": ""30th July 2026"", ""Last Date of Admission"": ""10th August 2026\n20th August 2026"", ""Note: last date to take admission in Agriculture discipline is 10th August 2026."": """", ""l"": """"}"
Ph.D. (Punjabi) [Part Time],P4D4-T,Ph.D.,"{""Online Registration starts on"": ""4th May 2026 onwards"", ""Last date of Registration"": ""30th June 2026\n5th July 2026"", ""Dates of Entrance Test"": ""10th & 12th July 2026"", ""Result of LPUNEST (Ph.D.)"": ""15th July 2026"", ""Interview Slot Booking"": ""15th - 17th July 2026"", ""Interview schedule"": ""20th - 26th July 2026"", ""Result of Interview"": ""30th July 2026"", ""Last Date of Admission"": ""10th August 2026\n20th August 2026"", ""Note: last date to take admission in Agriculture discipline is 10th August 2026."": """", ""l"": """"}"
Ph.D. (Pharmaceutics) [Full Time],P5D0-NN1,Ph.D.,"{""Online Registration starts on"": ""4th May 2026 onwards"", ""Last date of Registration"": ""30th June 2026\n5th July 2026"", ""Dates of Entrance Test"": ""10th & 12th July 2026"", ""Result of LPUNEST (Ph.D.)"": ""15th July 2026"", ""Interview Slot Booking"": ""15th - 17th July 2026"", ""Interview schedule"": ""20th - 26th July 2026"", ""Result of Interview"": ""30th July 2026"", ""Last Date of Admission"": ""10th August 2026\n20th August 2026"", ""Note: last date to take admission in Agriculture discipline is 10th August 2026."": """", ""l"": """"}"
Ph.D. (Pharmaceutics) [Part Time],P5D0-TN1,Ph.D.,"{""Online Registration starts on"": ""4th May 2026 onwards"", ""Last date of Registration"": ""30th June 2026\n5th July 2026"", ""Dates of Entrance Test"": ""10th & 12th July 2026"", ""Result of LPUNEST (Ph.D.)"": ""15th July 2026"", ""Interview Slot Booking"": ""15th - 17th July 2026"", ""Interview schedule"": ""20th - 26th July 2026"", ""Result of Interview"": ""30th July 2026"", ""Last Date of Admission"": ""10th August 2026\n20th August 2026"", ""Note: last date to take admission in Agriculture discipline is 10th August 2026."": """", ""l"": """"}"
Ph.D. (Pharmaceutical Chemistry) [Full Time],P5D0-NN3,Ph.D.,"{""Online Registration starts on"": ""4th May 2026 onwards"", ""Last date of Registration"": ""30th June 2026\n5th July 2026"", ""Dates of Entrance Test"": ""10th & 12th July 2026"", ""Result of LPUNEST (Ph.D.)"": ""15th July 2026"", ""Interview Slot Booking"": ""15th - 17th July 2026"", ""Interview schedule"": ""20th - 26th July 2026"", ""Result of Interview"": ""30th July 2026"", ""Last Date of Admission"": ""10th August 2026\n20th August 2026"", ""Note: last date to take admission in Agriculture discipline is 10th August 2026."": """", ""l"": """"}"
Ph.D. (Pharmaceutical Chemistry) [Part Time],P5D0-TN3,Ph.D.,"{""Online Registration starts on"": ""4th May 2026 onwards"", ""Last date of Registration"": ""30th June 2026\n5th July 2026"", ""Dates of Entrance Test"": ""10th & 12th July 2026"", ""Result of LPUNEST (Ph.D.)"": ""15th July 2026"", ""Interview Slot Booking"": ""15th - 17th July 2026"", ""Interview schedule"": ""20th - 26th July 2026"", ""Result of Interview"": ""30th July 2026"", ""Last Date of Admission"": ""10th August 2026\n20th August 2026"", ""Note: last date to take admission in Agriculture discipline is 10th August 2026."": """", ""l"": """"}"
Ph.D. (Pharmacognosy) [Full Time],P5D0-NN6,Ph.D.,"{""Online Registration starts on"": ""4th May 2026 onwards"", ""Last date of Registration"": ""30th June 2026\n5th July 2026"", ""Dates of Entrance Test"": ""10th & 12th July 2026"", ""Result of LPUNEST (Ph.D.)"": ""15th July 2026"", ""Interview Slot Booking"": ""15th - 17th July 2026"", ""Interview schedule"": ""20th - 26th July 2026"", ""Result of Interview"": ""30th July 2026"", ""Last Date of Admission"": ""10th August 2026\n20th August 2026"", ""Note: last date to take admission in Agriculture discipline is 10th August 2026."": """", ""l"": """"}"
Ph.D. (Pharmacognosy) [Part Time],P5D0-TN6,Ph.D.,"{""Online Registration starts on"": ""4th May 2026 onwards"", ""Last date of Registration"": ""30th June 2026\n5th July 2026"", ""Dates of Entrance Test"": ""10th & 12th July 2026"", ""Result of LPUNEST (Ph.D.)"": ""15th July 2026"", ""Interview Slot Booking"": ""15th - 17th July 2026"", ""Interview schedule"": ""20th - 26th July 2026"", ""Result of Interview"": ""30th July 2026"", ""Last Date of Admission"": ""10th August 2026\n20th August 2026"", ""Note: last date to take admission in Agriculture discipline is 10th August 2026."": """", ""l"": """"}"
Ph.D. (Pharmacology) [Full Time],P5D0-NN2,Ph.D.,"{""Online Registration starts on"": ""4th May 2026 onwards"", ""Last date of Registration"": ""30th June 2026\n5th July 2026"", ""Dates of Entrance Test"": ""10th & 12th July 2026"", ""Result of LPUNEST (Ph.D.)"": ""15th July 2026"", ""Interview Slot Booking"": ""15th - 17th July 2026"", ""Interview schedule"": ""20th - 26th July 2026"", ""Result of Interview"": ""30th July 2026"", ""Last Date of Admission"": ""10th August 2026\n20th August 2026"", ""Note: last date to take admission in Agriculture discipline is 10th August 2026."": """", ""l"": """"}"
Ph.D. (Pharmacology) [Part Time],P5D0-TN2,Ph.D.,"{""Online Registration starts on"": ""4th May 2026 onwards"", ""Last date of Registration"": ""30th June 2026\n5th July 2026"", ""Dates of Entrance Test"": ""10th & 12th July 2026"", ""Result of LPUNEST (Ph.D.)"": ""15th July 2026"", ""Interview Slot Booking"": ""15th - 17th July 2026"", ""Interview schedule"": ""20th - 26th July 2026"", ""Result of Interview"": ""30th July 2026"", ""Last Date of Admission"": ""10th August 2026\n20th August 2026"", ""Note: last date to take admission in Agriculture discipline is 10th August 2026."": """", ""l"": """"}"
Ph.D. (Pharmacy Practice) [Full Time],P5D0-NND,Ph.D.,"{""Online Registration starts on"": ""4th May 2026 onwards"", ""Last date of Registration"": ""30th June 2026\n5th July 2026"", ""Dates of Entrance Test"": ""10th & 12th July 2026"", ""Result of LPUNEST (Ph.D.)"": ""15th July 2026"", ""Interview Slot Booking"": ""15th - 17th July 2026"", ""Interview schedule"": ""20th - 26th July 2026"", ""Result of Interview"": ""30th July 2026"", ""Last Date of Admission"": ""10th August 2026\n20th August 2026"", ""Note: last date to take admission in Agriculture discipline is 10th August 2026."": """", ""l"": """"}"
Ph.D. (Pharmacy Practice) [Part Time],P5D0-TND,Ph.D.,"{""Online Registration starts on"": ""4th May 2026 onwards"", ""Last date of Registration"": ""30th June 2026\n5th July 2026"", ""Dates of Entrance Test"": ""10th & 12th July 2026"", ""Result of LPUNEST (Ph.D.)"": ""15th July 2026"", ""Interview Slot Booking"": ""15th - 17th July 2026"", ""Interview schedule"": ""20th - 26th July 2026"", ""Result of Interview"": ""30th July 2026"", ""Last Date of Admission"": ""10th August 2026\n20th August 2026"", ""Note: last date to take admission in Agriculture discipline is 10th August 2026."": """", ""l"": """"}"
Ph.D. (Pharmaceutical Analysis) [Full Time],P5D0-NNB,Ph.D.,"{""Online Registration starts on"": ""4th May 2026 onwards"", ""Last date of Registration"": ""30th June 2026\n5th July 2026"", ""Dates of Entrance Test"": ""10th & 12th July 2026"", ""Result of LPUNEST (Ph.D.)"": ""15th July 2026"", ""Interview Slot Booking"": ""15th - 17th July 2026"", ""Interview schedule"": ""20th - 26th July 2026"", ""Result of Interview"": ""30th July 2026"", ""Last Date of Admission"": ""10th August 2026\n20th August 2026"", ""Note: last date to take admission in Agriculture discipline is 10th August 2026."": """", ""l"": """"}"
Ph.D. (Pharmaceutical Analysis) [Part Time],P5D0-TNB,Ph.D.,"{""Online Registration starts on"": ""4th May 2026 onwards"", ""Last date of Registration"": ""30th June 2026\n5th July 2026"", ""Dates of Entrance Test"": ""10th & 12th July 2026"", ""Result of LPUNEST (Ph.D.)"": ""15th July 2026"", ""Interview Slot Booking"": ""15th - 17th July 2026"", ""Interview schedule"": ""20th - 26th July 2026"", ""Result of Interview"": ""30th July 2026"", ""Last Date of Admission"": ""10th August 2026\n20th August 2026"", ""Note: last date to take admission in Agriculture discipline is 10th August 2026."": """", ""l"": """"}"
Ph.D. (Ayurvedic Pharmacy) [Full Time],P5D0-NN8,Ph.D.,"{""Online Registration starts on"": ""4th May 2026 onwards"", ""Last date of Registration"": ""30th June 2026\n5th July 2026"", ""Dates of Entrance Test"": ""10th & 12th July 2026"", ""Result of LPUNEST (Ph.D.)"": ""15th July 2026"", ""Interview Slot Booking"": ""15th - 17th July 2026"", ""Interview schedule"": ""20th - 26th July 2026"", ""Result of Interview"": ""30th July 2026"", ""Last Date of Admission"": ""10th August 2026\n20th August 2026"", ""Note: last date to take admission in Agriculture discipline is 10th August 2026."": """", ""l"": """"}"
Ph.D. (Ayurvedic Pharmacy) [Part Time],P5D0-TN8,Ph.D.,"{""Online Registration starts on"": ""4th May 2026 onwards"", ""Last date of Registration"": ""30th June 2026\n5th July 2026"", ""Dates of Entrance Test"": ""10th & 12th July 2026"", ""Result of LPUNEST (Ph.D.)"": ""15th July 2026"", ""Interview Slot Booking"": ""15th - 17th July 2026"", ""Interview schedule"": ""20th - 26th July 2026"", ""Result of Interview"": ""30th July 2026"", ""Last Date of Admission"": ""10th August 2026\n20th August 2026"", ""Note: last date to take admission in Agriculture discipline is 10th August 2026."": """", ""l"": """"}"
Ph.D. (Clinical Microbiology) [Full Time],P5D4,Ph.D.,"{""Online Registration starts on"": ""4th May 2026 onwards"", ""Last date of Registration"": ""30th June 2026\n5th July 2026"", ""Dates of Entrance Test"": ""10th & 12th July 2026"", ""Result of LPUNEST (Ph.D.)"": ""15th July 2026"", ""Interview Slot Booking"": ""15th - 17th July 2026"", ""Interview schedule"": ""20th - 26th July 2026"", ""Result of Interview"": ""30th July 2026"", ""Last Date of Admission"": ""10th August 2026\n20th August 2026"", ""Note: last date to take admission in Agriculture discipline is 10th August 2026."": """", ""l"": """"}"
Ph.D. (Clinical Microbiology) [Part Time],P5D4-T,Ph.D.,"{""Online Registration starts on"": ""4th May 2026 onwards"", ""Last date of Registration"": ""30th June 2026\n5th July 2026"", ""Dates of Entrance Test"": ""10th & 12th July 2026"", ""Result of LPUNEST (Ph.D.)"": ""15th July 2026"", ""Interview Slot Booking"": ""15th - 17th July 2026"", ""Interview schedule"": ""20th - 26th July 2026"", ""Result of Interview"": ""30th July 2026"", ""Last Date of Admission"": ""10th August 2026\n20th August 2026"", ""Note: last date to take admission in Agriculture discipline is 10th August 2026."": """", ""l"": """"}"
Ph.D. (Clinical Biochemistry) [Full Time],P5D5,Ph.D.,"{""Online Registration starts on"": ""4th May 2026 onwards"", ""Last date of Registration"": ""30th June 2026\n5th July 2026"", ""Dates of Entrance Test"": ""10th & 12th July 2026"", ""Result of LPUNEST (Ph.D.)"": ""15th July 2026"", ""Interview Slot Booking"": ""15th - 17th July 2026"", ""Interview schedule"": ""20th - 26th July 2026"", ""Result of Interview"": ""30th July 2026"", ""Last Date of Admission"": ""10th August 2026\n20th August 2026"", ""Note: last date to take admission in Agriculture discipline is 10th August 2026."": """", ""l"": """"}"
Ph.D. (Clinical Biochemistry) [Part Time],P5D5-T,Ph.D.,"{""Online Registration starts on"": ""4th May 2026 onwards"", ""Last date of Registration"": ""30th June 2026\n5th July 2026"", ""Dates of Entrance Test"": ""10th & 12th July 2026"", ""Result of LPUNEST (Ph.D.)"": ""15th July 2026"", ""Interview Slot Booking"": ""15th - 17th July 2026"", ""Interview schedule"": ""20th - 26th July 2026"", ""Result of Interview"": ""30th July 2026"", ""Last Date of Admission"": ""10th August 2026\n20th August 2026"", ""Note: last date to take admission in Agriculture discipline is 10th August 2026."": """", ""l"": """"}"
Ph.D. (Clinical Embryology) [Full Time],P5D8,Ph.D.,"{""Online Registration starts on"": ""4th May 2026 onwards"", ""Last date of Registration"": ""30th June 2026\n5th July 2026"", ""Dates of Entrance Test"": ""10th & 12th July 2026"", ""Result of LPUNEST (Ph.D.)"": ""15th July 2026"", ""Interview Slot Booking"": ""15th - 17th July 2026"", ""Interview schedule"": ""20th - 26th July 2026"", ""Result of Interview"": ""30th July 2026"", ""Last Date of Admission"": ""10th August 2026\n20th August 2026"", ""Note: last date to take admission in Agriculture discipline is 10th August 2026."": """", ""l"": """"}"
Ph.D. (Physiotherapy) [Full Time],P5D2,Ph.D.,"{""Online Registration starts on"": ""4th May 2026 onwards"", ""Last date of Registration"": ""30th June 2026\n5th July 2026"", ""Dates of Entrance Test"": ""10th & 12th July 2026"", ""Result of LPUNEST (Ph.D.)"": ""15th July 2026"", ""Interview Slot Booking"": ""15th - 17th July 2026"", ""Interview schedule"": ""20th - 26th July 2026"", ""Result of Interview"": ""30th July 2026"", ""Last Date of Admission"": ""10th August 2026\n20th August 2026"", ""Note: last date to take admission in Agriculture discipline is 10th August 2026."": """", ""l"": """"}"
Ph.D. (Physiotherapy) [Part Time],P5D2-T,Ph.D.,"{""Online Registration starts on"": ""4th May 2026 onwards"", ""Last date of Registration"": ""30th June 2026\n5th July 2026"", ""Dates of Entrance Test"": ""10th & 12th July 2026"", ""Result of LPUNEST (Ph.D.)"": ""15th July 2026"", ""Interview Slot Booking"": ""15th - 17th July 2026"", ""Interview schedule"": ""20th - 26th July 2026"", ""Result of Interview"": ""30th July 2026"", ""Last Date of Admission"": ""10th August 2026\n20th August 2026"", ""Note: last date to take admission in Agriculture discipline is 10th August 2026."": """", ""l"": """"}"
D.Litt.,P8G,Ph.D.,"{""Online Registration starts on"": ""4th May 2026 onwards"", ""Last date of Registration"": ""30th June 2026\n5th July 2026"", ""Dates of Entrance Test"": ""10th & 12th July 2026"", ""Result of LPUNEST (Ph.D.)"": ""15th July 2026"", ""Interview Slot Booking"": ""15th - 17th July 2026"", ""Interview schedule"": ""20th - 26th July 2026"", ""Result of Interview"": ""30th July 2026"", ""Last Date of Admission"": ""10th August 2026\n20th August 2026"", ""Note: last date to take admission in Agriculture discipline is 10th August 2026."": """", ""l"": """"}"
D.Sc.,P8H,Ph.D.,"{""Online Registration starts on"": ""4th May 2026 onwards"", ""Last date of Registration"": ""30th June 2026\n5th July 2026"", ""Dates of Entrance Test"": ""10th & 12th July 2026"", ""Result of LPUNEST (Ph.D.)"": ""15th July 2026"", ""Interview Slot Booking"": ""15th - 17th July 2026"", ""Interview schedule"": ""20th - 26th July 2026"", ""Result of Interview"": ""30th July 2026"", ""Last Date of Admission"": ""10th August 2026\n20th August 2026"", ""Note: last date to take admission in Agriculture discipline is 10th August 2026."": """", ""l"": """"}"
LL.D,P8J,Ph.D.,"{""Online Registration starts on"": ""4th May 2026 onwards"", ""Last date of Registration"": ""30th June 2026\n5th July 2026"", ""Dates of Entrance Test"": ""10th & 12th July 2026"", ""Result of LPUNEST (Ph.D.)"": ""15th July 2026"", ""Interview Slot Booking"": ""15th - 17th July 2026"", ""Interview schedule"": ""20th - 26th July 2026"", ""Result of Interview"": ""30th July 2026"", ""Last Date of Admission"": ""10th August 2026\n20th August 2026"", ""Note: last date to take admission in Agriculture discipline is 10th August 2026."": """", ""l"": """"}"
